Date_cos,Date_cos_mask,Date_cos_previouslymeasured,Date_sin,Date_sin_mask,Date_sin_previouslymeasured,[Raw] Flow [m3/d],[Raw] Flow [m3/d]_mask,[Raw] Flow [m3/d]_previouslymeasured,[Raw] Alkalinity as CaCO3 [mg/L],[Raw] Alkalinity as CaCO3 [mg/L]_mask,[Raw] Alkalinity as CaCO3 [mg/L]_previouslymeasured,[Raw] Max Turbidity [NTU],[Raw] Max Turbidity [NTU]_mask,[Raw] Max Turbidity [NTU]_previouslymeasured,[Raw] Min Turbidity [NTU],[Raw] Min Turbidity [NTU]_mask,[Raw] Min Turbidity [NTU]_previouslymeasured,[Raw] Mean Turbidity [NTU],[Raw] Mean Turbidity [NTU]_mask,[Raw] Mean Turbidity [NTU]_previouslymeasured,[Raw] Temperature [Â°C],[Raw] Temperature [Â°C]_mask,[Raw] Temperature [Â°C]_previouslymeasured,[Raw] pH [-],[Raw] pH [-]_mask,[Raw] pH [-]_previouslymeasured,[Chem] Powdered Activated Carbon Dose [mg/L],[Chem] Powdered Activated Carbon Dose [mg/L]_mask,[Chem] Powdered Activated Carbon Dose [mg/L]_previouslymeasured,[Chem] Polyaluminum Chloride Dose [mg/L],[Chem] Polyaluminum Chloride Dose [mg/L]_mask,[Chem] Polyaluminum Chloride Dose [mg/L]_previouslymeasured,[Chem] Polymer Dosage [mg/L],[Chem] Polymer Dosage [mg/L]_mask,[Chem] Polymer Dosage [mg/L]_previouslymeasured,[Filt] Max Turbidity [NTU],[Filt] Max Turbidity [NTU]_mask,[Filt] Max Turbidity [NTU]_previouslymeasured,[Filt] Mean Turbidity [NTU],[Filt] Mean Turbidity [NTU]_mask,[Filt] Mean Turbidity [NTU]_previouslymeasured,[Filt] Total Runtime [h],[Filt] Total Runtime [h]_mask,[Filt] Total Runtime [h]_previouslymeasured,[Filt] Backwash Volume [m3],[Filt] Backwash Volume [m3]_mask,[Filt] Backwash Volume [m3]_previouslymeasured,[TW] Flow [m3/d],[TW] Flow [m3/d]_mask,[TW] Flow [m3/d]_previouslymeasured,[TW] Alkalinity as CaCO3 [mg/L],[TW] Alkalinity as CaCO3 [mg/L]_mask,[TW] Alkalinity as CaCO3 [mg/L]_previouslymeasured,[TW] Cl Dosage [mg/L],[TW] Cl Dosage [mg/L]_mask,[TW] Cl Dosage [mg/L]_previouslymeasured,[TW] pH [-],[TW] pH [-]_mask,[TW] pH [-]_previouslymeasured,[TW] Al [mg/L],[TW] Al [mg/L]_mask,[TW] Al [mg/L]_previouslymeasured
0.9998526477050269,1,0,0.01716632975470737,1,0,33314.0,1,0,87.0,0,0,6.9,1,0,4.0,1,0,5.4,1,0,4.25,1,0,7.38,1,0,2.0,1,0,18.89,1,0,0.15,1,0,0.08,1,0,0.04,1,0,44.5,1,0,1224.0,1,0,33683.0,1,0,84.0,0,0,2.54,1,0,7.32,1,0,0.022,1,0
0.9994106342455052,1,0,0.034327600513243496,1,0,35567.0,1,0,87.0,1,0,28.8,1,0,4.0,1,0,16.4,1,0,4.0,1,0,7.47,1,0,2.0,1,0,18.5,1,0,0.16,1,0,0.08,1,0,0.04,1,0,52.0,1,0,1226.0,1,0,35881.0,1,0,84.0,1,0,2.59,1,0,7.33,1,0,0.021,1,0
0.9986740898848305,1,0,0.05147875477034653,1,0,38332.0,1,0,87.0,0,1,29.4,1,0,9.5,1,0,15.3,1,0,3.7,1,0,7.37,1,0,2.13,1,0,18.28,1,0,0.15,1,0,0.06,1,0,0.04,1,0,48.0,1,0,3009.0,1,0,38750.0,1,0,84.0,0,1,2.55,1,0,7.3,1,0,0.022,1,0
0.9976432316860063,1,0,0.06861473800213404,1,0,44985.0,1,0,87.0,0,2,8.9,1,0,4.2,1,0,5.75,1,0,3.5,1,0,7.44,1,0,2.11,1,0,18.44,1,0,0.15,1,0,0.05,1,0,0.04,1,0,48.0,0,1,3009.0,0,1,47222.0,1,0,84.0,0,2,2.28,1,0,7.32,1,0,0.016,1,0
0.9963183634476755,1,0,0.08573050015569435,1,0,45242.0,1,0,87.0,0,3,5.3,1,0,3.4,1,0,4.5,1,0,3.3,1,0,7.41,1,0,2.0,1,0,18.02,1,0,0.16,1,0,0.61,1,0,0.04,1,0,50.0,1,0,1653.0,1,0,46794.0,1,0,84.0,0,3,2.29,1,0,7.39,1,0,0.02,1,0
0.9946998756145891,1,0,0.1028209971373604,1,0,44611.0,1,0,87.0,0,4,4.0,1,0,3.1,1,0,3.5,1,0,3.1,1,0,7.47,1,0,2.0,1,0,18.27,1,0,0.16,1,0,0.09,1,0,0.04,1,0,51.0,1,0,1242.0,1,0,45432.0,1,0,84.0,0,4,2.3,1,0,7.32,1,0,0.014,1,0
0.99278824516254,1,0,0.11988119229922722,1,0,44193.0,1,0,87.0,0,5,3.5,1,0,2.1,1,0,2.8,1,0,2.95,1,0,7.4,1,0,2.0,1,0,17.8,1,0,0.14,1,0,0.09,1,0,0.04,1,0,48.0,1,0,1811.0,1,0,44577.0,1,0,84.0,0,5,2.34,1,0,7.28,1,0,0.013,1,0
0.990584035457797,1,0,0.13690605792347524,1,0,47336.0,1,0,90.0,1,0,6.5,1,0,2.5,1,0,4.1,1,0,3.0,1,0,7.4,1,0,2.0,1,0,18.43,1,0,0.15,1,0,0.1,1,0,0.04,1,0,30.5,1,0,2420.0,1,0,49286.0,1,0,86.0,1,0,2.23,1,0,7.28,1,0,0.013,1,0
0.9880878960910772,1,0,0.15389057670406178,1,0,51314.0,1,0,90.0,0,1,9.2,1,0,2.8,1,0,4.5,1,0,3.0,1,0,7.37,1,0,2.0,1,0,17.28,1,0,0.16,1,0,0.05,1,0,0.04,1,0,49.0,1,0,1403.0,1,0,50622.0,1,0,86.0,0,1,2.35,1,0,7.29,1,0,0.021,1,0
0.985300562686109,1,0,0.17082974322534417,1,0,49058.0,1,0,90.0,0,2,50.0,1,0,14.7,1,0,33.7,1,0,3.0,1,0,7.36,1,0,2.0,1,0,23.03,1,0,0.15,1,0,0.06,1,0,0.04,1,0,50.0,1,0,2964.0,1,0,46781.0,1,0,86.0,0,2,2.34,1,0,7.26,1,0,0.011,1,0
0.9822228566828407,1,0,0.1877185654371987,1,0,52204.0,1,0,90.0,0,3,67.2,1,0,33.7,1,0,46.0,1,0,2.9,1,0,7.37,1,0,2.0,1,0,26.02,1,0,0.14,1,0,0.09,1,0,0.04,1,0,46.0,1,0,1797.0,1,0,47242.0,1,0,86.0,0,3,2.39,1,0,7.31,1,0,0.011,0,1
0.9788556850953578,1,0,0.2045520661262008,1,0,52928.0,1,0,90.0,0,4,50.7,1,0,16.6,1,0,28.8,1,0,2.75,1,0,7.4,1,0,2.0,1,0,23.78,1,0,0.13,1,0,0.18,1,0,0.04,1,0,38.3,1,0,2392.0,1,0,46039.0,1,0,86.0,0,4,2.15,1,0,7.31,1,0,0.011,0,2
0.9752000402445825,1,0,0.22132528438243257,1,0,54922.0,1,0,90.0,0,5,200.0,1,0,37.9,1,0,125.8,1,0,2.6,1,0,7.39,1,0,1.98,1,0,25.78,1,0,0.13,1,0,0.09,1,0,0.05,1,0,45.0,1,0,1799.0,1,0,47711.0,1,0,86.0,0,5,2.18,1,0,7.32,1,0,0.011,0,3
0.9712569994658314,1,0,0.2380332770614856,1,0,54772.0,1,0,90.0,0,6,161.0,1,0,197.0,1,0,180.0,1,0,1.35,1,0,7.37,1,0,2.0,1,0,28.2,1,0,0.12,1,0,0.16,1,0,0.05,1,0,52.8,1,0,2499.0,1,0,44812.0,1,0,86.0,0,6,2.69,1,0,7.34,1,0,0.011,0,4
0.9670277247913204,1,0,0.2546711202412287,1,0,61406.0,1,0,106.0,1,0,169.0,1,0,50.9,1,0,101.5,1,0,0.45,1,0,7.35,1,0,2.08,1,0,34.47,1,0,0.13,1,0,0.16,1,0,0.04,1,0,28.0,1,0,3191.0,1,0,50193.0,1,0,98.0,1,0,2.94,1,0,7.26,1,0,0.011,0,5
0.9625134626077081,1,0,0.27123391067291003,1,0,54670.0,1,0,106.0,0,1,68.7,1,0,33.9,1,0,45.8,1,0,0.35,1,0,7.32,1,0,2.09,1,0,34.42,1,0,0.13,1,0,0.23,1,0,0.05,1,0,21.8,1,0,3082.0,1,0,49439.0,1,0,98.0,0,1,2.76,1,0,7.23,1,0,0.017,1,0
0.9577155432887803,1,0,0.287716767226167,1,0,55992.0,1,0,106.0,0,2,31.3,1,0,22.6,1,0,27.8,1,0,0.45,1,0,7.2,1,0,2.0,1,0,31.85,1,0,0.13,1,0,0.27,1,0,0.04,1,0,21.4,1,0,2477.0,1,0,54443.0,1,0,98.0,0,2,2.52,1,0,7.27,1,0,0.013,1,0
0.9526353808033826,1,0,0.30411483232751785,1,0,54216.0,1,0,106.0,0,3,29.6,1,0,21.5,1,0,24.1,1,0,0.4,1,0,7.22,1,0,2.0,1,0,30.17,1,0,0.13,1,0,1.82,1,0,0.04,1,0,30.0,1,0,3880.0,1,0,51376.0,1,0,98.0,0,3,2.54,1,0,7.18,1,0,0.014,1,0
0.9472744722987169,1,0,0.3204232733919111,1,0,53579.0,1,0,106.0,0,4,27.3,1,0,19.2,1,0,22.7,1,0,0.45,1,0,7.08,1,0,2.09,1,0,31.08,1,0,0.14,1,0,0.11,1,0,0.04,1,0,41.7,1,0,2962.0,1,0,52976.0,1,0,98.0,0,4,2.42,1,0,7.16,1,0,0.012,1,0
0.9416343976591259,1,0,0.33663728424691025,1,0,48841.0,1,0,106.0,0,5,27.2,1,0,15.7,1,0,22.5,1,0,0.5,1,0,7.08,1,0,2.1,1,0,30.48,1,0,0.13,1,0,0.09,1,0,0.04,1,0,47.5,1,0,1231.0,1,0,50003.0,1,0,98.0,0,5,2.33,1,0,7.17,1,0,0.014,1,0
0.9357168190404936,1,0,0.3527520865490948,1,0,48085.0,1,0,106.0,0,6,24.2,1,0,15.2,1,0,18.45,1,0,0.4,1,0,7.15,1,0,2.1,1,0,31.57,1,0,0.14,1,0,0.08,1,0,0.04,1,0,48.3,1,0,1941.0,1,0,46971.0,1,0,98.0,0,6,2.37,1,0,7.11,1,0,0.012,1,0
0.9295234803804003,1,0,0.3687629311922601,1,0,58518.0,1,0,94.0,1,0,23.7,1,0,16.5,1,0,19.48,1,0,0.5,1,0,7.15,1,0,2.0,1,0,28.21,1,0,0.12,1,0,0.1,1,0,0.04,1,0,45.5,1,0,2427.0,1,0,52693.0,1,0,87.0,1,0,2.35,1,0,7.11,1,0,0.011,1,0
0.9230562068841761,1,0,0.3846650997070012,1,0,59725.0,1,0,94.0,0,1,21.7,1,0,18.5,1,0,20.1,1,0,0.55,1,0,7.25,1,0,2.0,1,0,25.17,1,0,0.12,1,0,0.08,1,0,0.04,1,0,47.0,1,0,843.0,1,0,53928.0,1,0,87.0,0,1,2.41,1,0,7.19,1,0,0.015,1,0
0.9163169044870048,1,0,0.40045390565126643,1,0,57072.0,1,0,94.0,0,2,21.5,1,0,15.9,1,0,17.6,1,0,0.6,1,0,7.15,1,0,2.08,1,0,25.31,1,0,0.14,1,0,0.04,1,0,0.04,1,0,64.0,1,0,874.0,1,0,52524.0,1,0,87.0,0,2,2.26,1,0,7.15,1,0,0.015,1,0
0.9093075592922358,1,0,0.41612469599147445,1,0,56938.0,1,0,94.0,0,3,21.9,1,0,16.4,1,0,18.45,1,0,0.5,1,0,7.41,1,0,2.09,1,0,26.92,1,0,0.15,1,0,0.04,1,0,0.04,1,0,57.5,1,0,1410.0,1,0,51021.0,1,0,87.0,0,3,2.45,1,0,7.22,1,0,0.013,1,0
0.9020302369860707,1,0,0.43167285247378384,1,0,52157.0,1,0,94.0,0,4,21.8,1,0,13.2,1,0,16.7,1,0,0.5,1,0,7.4,1,0,2.0,1,0,22.89,1,0,0.13,1,0,0.1,1,0,0.04,1,0,41.67,1,0,1098.0,1,0,50819.0,1,0,87.0,0,4,2.43,1,0,7.19,1,0,0.013,1,0
0.8944870822287956,1,0,0.44709379298511387,1,0,52918.0,1,0,94.0,0,5,19.0,1,0,12.1,1,0,16.0,1,0,0.65,1,0,7.17,1,0,2.0,1,0,21.44,1,0,0.15,1,0,0.12,1,0,0.04,1,0,51.0,1,0,1317.0,1,0,50233.0,1,0,87.0,0,5,2.38,1,0,7.17,1,0,0.036,1,0
0.88668031802274,1,0,0.4623829729035149,1,0,47098.0,1,0,94.0,0,6,17.0,1,0,14.2,1,0,15.5,1,0,0.7,1,0,7.14,1,0,2.0,1,0,20.96,1,0,0.15,1,0,0.1,1,0,0.03,1,0,51.0,1,0,1247.0,1,0,46167.0,1,0,87.0,0,6,2.34,1,0,7.18,1,0,0.035,1,0
0.8786122450571483,1,0,0.47753588643748823,1,0,48399.0,1,0,98.0,1,0,14.4,1,0,11.2,1,0,12.9,1,0,0.75,1,0,7.13,1,0,2.0,1,0,21.62,1,0,0.13,1,0,0.32,1,0,0.04,1,0,51.0,1,0,414.0,1,0,47733.0,1,0,89.0,1,0,2.6,1,0,7.2,1,0,0.026,1,0
0.8702852410301553,1,0,0.4925480679538643,1,0,51240.0,1,0,98.0,0,1,14.0,1,0,9.9,1,0,12.25,1,0,0.7,1,0,7.25,1,0,2.0,1,0,21.28,1,0,0.12,1,0,0.13,1,0,0.04,1,0,51.75,1,0,1718.0,1,0,48714.0,1,0,89.0,0,1,2.98,1,0,7.18,1,0,0.014,1,0
0.8617017599480682,1,0,0.5074150932938455,1,0,52722.0,1,0,98.0,0,2,21.2,1,0,9.7,1,0,13.1,1,0,0.8,1,0,7.11,1,0,2.0,1,0,21.8,1,0,0.1,1,0,0.12,1,0,0.05,1,0,46.5,1,0,1745.0,1,0,48878.0,1,0,89.0,0,2,3.38,1,0,7.16,1,0,0.015,1,0
0.8528643314021597,1,0,0.5221325810768248,1,0,55153.0,1,0,98.0,0,3,23.0,1,0,9.37,1,0,15.05,1,0,1.0,1,0,7.13,1,0,2.0,1,0,21.38,1,0,0.11,1,0,0.18,1,0,0.05,1,0,40.67,1,0,1272.0,1,0,54354.0,1,0,89.0,0,3,3.16,1,0,7.14,1,0,0.016,1,0
0.8437755598231856,1,0,0.5366961939916004,1,0,50887.0,1,0,98.0,0,4,13.7,1,0,7.8,1,0,9.8,1,0,1.0,1,0,7.16,1,0,2.0,1,0,21.43,1,0,0.14,1,0,0.33,1,0,0.04,1,0,44.0,1,0,418.0,1,0,49191.0,1,0,89.0,0,4,2.82,1,0,7.16,1,0,0.013,1,0
0.8344381237138473,1,0,0.5511016400746002,1,0,49813.0,1,0,98.0,0,5,7.2,1,0,5.8,1,0,6.3,1,0,1.15,1,0,7.23,1,0,2.0,1,0,21.3,1,0,0.15,1,0,0.24,1,0,0.04,1,0,50.0,1,0,1701.0,1,0,46606.0,1,0,89.0,0,5,2.76,1,0,7.19,1,0,0.012,1,0
0.8248547748594244,1,0,0.5653446739747429,1,0,53285.0,1,0,98.0,0,6,5.8,1,0,5.2,1,0,5.4,1,0,1.15,1,0,7.29,1,0,2.0,1,0,21.66,1,0,0.19,1,0,1.5,1,0,0.05,1,0,45.0,1,0,1301.0,1,0,52583.0,1,0,89.0,0,6,2.64,1,0,7.22,1,0,0.013,1,0
0.8150283375168114,1,0,0.5794210982045637,1,0,55414.0,1,0,98.0,1,0,5.4,1,0,3.5,1,0,4.6,1,0,1.1,1,0,7.27,1,0,2.0,1,0,20.39,1,0,0.18,1,0,0.14,1,0,0.04,1,0,54.3,1,0,1870.0,1,0,52412.0,1,0,93.0,1,0,2.71,1,0,7.21,1,0,0.014,1,0
0.8049617075821959,1,0,0.593326764377232,1,0,59749.0,1,0,98.0,0,1,3.8,1,0,3.2,1,0,3.4,1,0,1.3,1,0,7.31,1,0,2.0,1,0,21.54,1,0,0.15,1,0,0.29,1,0,0.05,1,0,36.4,1,0,3631.0,1,0,54855.0,1,0,93.0,0,1,2.89,1,0,7.22,1,0,0.014,1,0
0.7946578517376252,1,0,0.6070575744291002,1,0,57042.0,1,0,98.0,0,2,3.87,1,0,3.1,1,0,3.5,1,0,1.5,1,0,7.16,1,0,2.0,1,0,21.31,1,0,0.12,1,0,0.31,1,0,0.06,1,0,25.0,1,0,3699.0,1,0,54473.0,1,0,93.0,0,2,2.88,1,0,7.22,1,0,0.019,1,0
0.7841198065767104,1,0,0.6206094818274227,1,0,58266.0,1,0,98.0,0,3,4.7,1,0,4.0,1,0,4.3,1,0,1.6,1,0,7.19,1,0,2.0,1,0,22.58,1,0,0.11,1,0,0.62,1,0,0.06,1,0,27.0,1,0,3051.0,1,0,54314.0,1,0,93.0,0,3,2.96,1,0,7.19,1,0,0.014,1,0
0.7733506777097299,1,0,0.6339784927628866,1,0,57727.0,1,0,98.0,0,4,23.5,1,0,5.3,1,0,11.9,1,0,1.8,1,0,7.22,1,0,2.0,1,0,19.82,1,0,0.1,1,0,0.22,1,0,0.03,1,0,30.0,1,0,2279.0,1,0,53527.0,1,0,93.0,0,4,2.93,1,0,7.18,1,0,0.012,1,0
0.7623536388483904,1,0,0.647160667326606,1,0,57671.0,1,0,98.0,0,5,14.1,1,0,5.4,1,0,9.7,1,0,2.2,1,0,7.14,1,0,2.0,1,0,21.82,1,0,0.11,1,0,0.13,1,0,0.05,1,0,40.0,1,0,2776.0,1,0,53790.0,1,0,93.0,0,5,2.9,1,0,7.22,1,0,0.015,1,0
0.7511319308705199,1,0,0.6601521206712317,1,0,49850.0,1,0,98.0,0,6,6.0,1,0,3.6,1,0,4.1,1,0,2.6,1,0,7.22,1,0,2.0,1,0,20.66,1,0,0.09,1,0,0.1,1,0,0.04,1,0,37.0,1,0,2027.0,1,0,46674.0,1,0,93.0,0,6,2.78,1,0,7.2,1,0,0.015,1,0
0.7396888608649668,1,0,0.6729490241558329,1,0,57690.0,1,0,108.0,1,0,4.3,1,0,2.9,1,0,3.4,1,0,2.6,1,0,7.19,1,0,2.0,1,0,19.09,1,0,0.1,1,0,0.13,1,0,0.04,1,0,41.75,1,0,2280.0,1,0,55895.0,1,0,102.0,1,0,2.6,1,0,7.25,1,0,0.013,1,0
0.7280278011569848,1,0,0.6855476064742154,1,0,55888.0,1,0,108.0,0,1,3.4,1,0,2.2,1,0,2.6,1,0,2.5,1,0,7.17,1,0,2.0,1,0,20.22,1,0,0.1,1,0,0.12,1,0,0.04,1,0,46.67,1,0,1800.0,1,0,51464.0,1,0,102.0,0,1,2.82,1,0,7.21,1,0,0.013,1,0
0.7161521883143933,1,0,0.6979441547663435,1,0,65870.0,1,0,108.0,0,2,3.0,1,0,1.6,1,0,2.3,1,0,2.4,1,0,7.12,1,0,2.0,1,0,18.45,1,0,0.09,1,0,0.1,1,0,0.04,1,0,33.0,1,0,2347.0,1,0,55650.0,1,0,102.0,0,2,2.68,1,0,7.19,1,0,0.016,1,0
0.7040655221348057,1,0,0.7101350157125358,1,0,51570.0,1,0,108.0,0,3,81.8,1,0,1.9,1,0,37.4,1,0,2.3,1,0,7.12,1,0,2.0,1,0,25.79,1,0,0.12,1,0,0.12,1,0,0.04,1,0,45.75,1,0,2401.0,1,0,48501.0,1,0,102.0,0,3,2.77,1,0,7.2,1,0,0.021,1,0
0.6917713646142218,1,0,0.7221165966101162,1,0,54947.0,1,0,108.0,0,4,46.0,1,0,15.8,1,0,28.1,1,0,2.05,1,0,7.22,1,0,2.09,1,0,24.98,1,0,0.11,1,0,0.15,1,0,0.04,1,0,35.6,1,0,1866.0,1,0,52630.0,1,0,102.0,0,4,2.69,1,0,7.24,1,0,0.013,1,0
0.6792733388972931,1,0,0.733885366432199,1,0,54042.0,1,0,108.0,0,5,92.5,1,0,12.2,1,0,29.0,1,0,2.0,1,0,7.25,1,0,2.09,1,0,24.34,1,0,0.1,1,0,0.1,1,0,0.05,1,0,40.3,1,0,1812.0,1,0,52062.0,1,0,102.0,0,5,2.78,1,0,7.21,1,0,0.012,1,0
0.6665751282095632,1,0,0.7454378568683001,1,0,53243.0,1,0,108.0,0,6,104.0,1,0,75.3,1,0,96.8,1,0,1.25,1,0,7.25,1,0,2.09,1,0,28.74,1,0,0.09,1,0,0.12,1,0,0.05,1,0,44.0,1,0,1833.0,1,0,49598.0,1,0,102.0,0,6,2.67,1,0,7.2,1,0,0.012,1,0
0.653680474772006,1,0,0.7567706633464626,1,0,61786.0,1,0,108.0,0,7,70.1,1,0,27.4,1,0,47.9,1,0,1.15,1,0,7.16,1,0,2.08,1,0,25.46,1,0,0.09,1,0,0.26,1,0,0.05,1,0,44.75,1,0,2469.0,1,0,56555.0,1,0,102.0,0,7,2.62,1,0,7.18,1,0,0.015,1,0
0.6405931786981751,1,0,0.7678804460366,1,0,62745.0,1,0,93.0,1,0,32.0,1,0,16.3,1,0,23.1,1,0,1.15,1,0,7.15,1,0,2.08,1,0,24.16,1,0,0.1,1,0,0.12,1,0,0.05,1,0,44.0,1,0,1843.0,1,0,59242.0,1,0,90.0,1,0,2.64,1,0,7.18,1,0,0.016,1,0
0.6273170968742937,1,0,0.7787639308347607,1,0,59994.0,1,0,93.0,0,1,17.6,1,0,11.2,1,0,13.95,1,0,1.4,1,0,7.1,1,0,2.08,1,0,21.45,1,0,0.1,1,0,0.07,1,0,0.05,1,0,39.6,1,0,3293.0,1,0,56759.0,1,0,90.0,0,1,2.64,1,0,7.18,1,0,0.012,1,0
0.613856141822612,1,0,0.7894179103280197,1,0,53756.0,1,0,93.0,0,2,20.8,1,0,14.1,1,0,16.4,1,0,1.6,1,0,7.16,1,0,2.09,1,0,22.35,1,0,0.1,1,0,0.08,1,0,0.05,1,0,0.0,1,0,609.0,1,0,53405.0,1,0,90.0,0,2,2.62,1,0,7.16,1,0,0.013,1,0
0.6002142805483682,1,0,0.7998392447397193,1,0,60439.0,1,0,93.0,0,3,15.6,1,0,8.4,1,0,12.0,1,0,1.8,1,0,7.19,1,0,2.08,1,0,22.42,1,0,0.09,1,0,0.12,1,0,0.05,1,0,51.8,1,0,2479.0,1,0,58063.0,1,0,90.0,0,3,2.65,1,0,7.15,1,0,0.013,1,0
0.5863955333706956,1,0,0.8100248628547753,1,0,65167.0,1,0,93.0,0,4,19.5,1,0,8.36,1,0,11.9,1,0,1.65,1,0,7.16,1,0,2.08,1,0,23.29,1,0,0.1,1,0,0.09,1,0,0.05,1,0,36.3,1,0,1831.0,1,0,61667.0,1,0,90.0,0,4,2.66,1,0,7.22,1,0,0.015,1,0
0.5724039727378148,1,0,0.8199717629247771,1,0,61552.0,1,0,93.0,0,5,98.3,1,0,33.2,1,0,62.0,1,0,1.65,1,0,7.13,1,0,2.08,1,0,27.06,1,0,0.1,1,0,0.1,1,0,0.05,1,0,40.0,1,0,2440.0,1,0,58941.0,1,0,90.0,0,5,2.7,1,0,7.19,1,0,0.015,1,0
0.5582437220268648,1,0,0.8296770135526188,1,0,62300.0,1,0,91.0,1,0,42.2,1,0,17.1,1,0,30.5,1,0,2.65,1,0,7.14,1,0,2.0,1,0,28.86,1,0,0.11,1,0,0.11,1,0,0.05,1,0,41.0,1,0,1863.0,1,0,60153.0,1,0,94.0,1,0,2.63,1,0,7.19,1,0,0.015,1,0
0.5439189543287247,1,0,0.8391377545563938,1,0,64436.0,1,0,91.0,0,1,22.3,1,0,15.8,1,0,19.2,1,0,3.7,1,0,7.27,1,0,2.0,1,0,24.7,1,0,0.1,1,0,0.12,1,0,0.05,1,0,36.0,1,0,2446.0,1,0,60713.0,1,0,94.0,0,1,2.6,1,0,7.09,1,0,0.01,1,0
0.5294338912181853,1,0,0.8483511978123038,1,0,55623.0,1,0,91.0,0,2,71.8,1,0,20.7,1,0,47.8,1,0,4.05,1,0,7.23,1,0,2.09,1,0,24.64,1,0,0.09,1,0,0.12,1,0,0.05,1,0,39.25,1,0,2417.0,1,0,56391.0,1,0,94.0,0,2,2.51,1,0,7.21,1,0,0.015,1,0
0.5147928015098309,1,0,0.8573146280763322,1,0,65034.0,1,0,91.0,0,3,53.5,1,0,28.1,1,0,43.4,1,0,2.7,1,0,7.21,1,0,2.08,1,0,29.46,1,0,0.11,1,0,0.09,1,0,0.05,1,0,51.0,1,0,1880.0,1,0,63415.0,1,0,94.0,0,3,2.39,1,0,7.22,1,0,0.014,1,0
0.5000000000000001,1,0,0.8660254037844386,1,0,72078.0,1,0,91.0,0,4,29.3,1,0,15.8,1,0,24.9,1,0,3.0,1,0,7.18,1,0,2.0,1,0,26.78,1,0,0.1,1,0,0.17,1,0,0.05,1,0,42.0,1,0,2454.0,1,0,63098.0,1,0,94.0,0,4,2.38,1,0,7.19,1,0,0.016,1,0
0.4850598461951962,1,0,0.8744809578310397,1,0,67331.0,1,0,91.0,0,5,15.6,1,0,7.8,1,0,11.5,1,0,4.0,1,0,7.31,1,0,2.0,1,0,26.7,1,0,0.09,1,0,0.1,1,0,0.05,1,0,43.0,1,0,1499.0,1,0,55869.0,1,0,94.0,0,5,2.42,1,0,7.21,1,0,0.014,1,0
0.46997674302731995,1,0,0.8826787983255474,1,0,67102.0,1,0,91.0,0,6,11.0,1,0,5.0,1,0,8.3,1,0,4.35,1,0,7.36,1,0,2.0,1,0,26.8,1,0,0.09,1,0,0.1,1,0,0.05,1,0,47.0,1,0,2178.0,1,0,54002.0,1,0,94.0,0,6,2.48,1,0,7.25,1,0,0.015,1,0
0.4547551355561058,1,0,0.8906165093267404,1,0,75494.0,1,0,93.0,1,0,16.7,1,0,5.2,1,0,8.6,1,0,4.6,1,0,7.29,1,0,2.06,1,0,23.04,1,0,0.09,1,0,0.08,1,0,0.05,1,0,54.0,1,0,2425.0,1,0,64733.0,1,0,87.0,1,0,2.48,1,0,7.25,1,0,0.019,1,0
0.4393995096591417,1,0,0.8982917515547528,1,0,67653.0,1,0,93.0,0,1,16.1,1,0,7.5,1,0,10.14,1,0,4.65,1,0,7.27,1,0,2.07,1,0,20.48,1,0,0.09,1,0,0.08,1,0,0.05,1,0,38.3,1,0,2470.0,1,0,56427.0,1,0,87.0,0,1,2.77,1,0,7.22,1,0,0.015,1,0
0.42391439070986076,1,0,0.9057022630804714,1,0,64767.0,1,0,93.0,0,2,14.1,1,0,6.3,1,0,10.3,1,0,4.85,1,0,7.26,1,0,2.0,1,0,21.84,1,0,0.1,1,0,0.11,1,0,0.05,1,0,45.0,1,0,1251.0,1,0,55741.0,1,0,87.0,0,2,2.59,1,0,7.21,1,0,0.021,1,0
0.40830434224389334,1,0,0.9128458599921356,1,0,80291.0,1,0,93.0,0,3,13.6,1,0,7.8,1,0,11.4,1,0,5.0,1,0,7.26,1,0,2.0,1,0,22.76,1,0,0.09,1,0,0.12,1,0,0.04,1,0,43.0,1,0,2451.0,1,0,64593.0,1,0,87.0,0,3,2.76,1,0,7.23,1,0,0.023,1,0
0.3925739646141717,1,0,0.9197204370389467,1,0,65646.0,1,0,93.0,0,4,11.3,1,0,4.3,1,0,5.6,1,0,5.3,1,0,7.28,1,0,2.08,1,0,23.8,1,0,0.08,1,0,0.05,1,0,0.04,1,0,39.8,1,0,3109.0,1,0,54133.0,1,0,87.0,0,4,1.83,1,0,7.21,1,0,0.026,1,0
0.3767278936351851,1,0,0.926323968251495,1,0,63237.0,1,0,93.0,0,5,16.4,1,0,4.8,1,0,10.78,1,0,4.3,1,0,7.32,1,0,2.08,1,0,24.94,1,0,0.09,1,0,0.05,1,0,0.04,1,0,41.0,1,0,1223.0,1,0,50339.0,1,0,87.0,0,5,2.43,1,0,7.24,1,0,0.029,1,0
0.36077079921678346,1,0,0.9326545075388224,1,0,62139.0,1,0,93.0,0,6,34.1,1,0,11.9,1,0,22.9,1,0,4.1,1,0,7.32,1,0,2.17,1,0,26.91,1,0,0.08,1,0,0.05,1,0,0.04,1,0,47.0,1,0,1814.0,1,0,50132.0,1,0,87.0,0,6,2.35,1,0,7.27,1,0,0.029,1,0
0.3447073839879338,1,0,0.9387101892619443,1,0,80273.0,1,0,96.0,1,0,33.8,1,0,15.7,1,0,20.5,1,0,4.1,1,0,7.33,1,0,2.1,1,0,28.5,1,0,0.06,1,0,0.44,1,0,0.04,1,0,47.25,1,0,3014.0,1,0,67665.0,1,0,89.0,1,0,2.4,1,0,7.24,1,0,0.016,1,0
0.32854238191083485,1,0,0.9444892287836613,1,0,82008.0,1,0,96.0,0,1,34.3,1,0,15.7,1,0,24.1,1,0,4.35,1,0,7.33,1,0,2.05,1,0,26.33,1,0,0.1,1,0,0.19,1,0,0.04,1,0,35.3,1,0,1920.0,1,0,63409.0,1,0,89.0,0,1,2.39,1,0,7.22,1,0,0.016,1,0
0.3122805568857947,1,0,0.949989922994501,1,0,73274.0,1,0,96.0,0,2,15.6,1,0,7.7,1,0,11.1,1,0,5.55,1,0,7.2,1,0,2.06,1,0,24.79,1,0,0.12,1,0,0.04,1,0,0.04,1,0,41.8,1,0,2492.0,1,0,62121.0,1,0,89.0,0,2,2.12,1,0,7.22,1,0,0.022,1,0
0.2959267013472893,1,0,0.9552106508146316,1,0,66663.0,1,0,96.0,0,3,9.7,1,0,6.2,1,0,7.2,1,0,5.8,1,0,7.31,1,0,2.06,1,0,26.17,1,0,0.14,1,0,0.04,1,0,0.04,1,0,41.25,1,0,2452.0,1,0,55105.0,1,0,89.0,0,3,2.45,1,0,7.09,1,0,0.027,1,0
0.2794856348516095,1,0,0.9601498736716018,1,0,69071.0,1,0,96.0,0,4,8.2,1,0,5.7,1,0,7.0,1,0,5.8,1,0,7.41,1,0,2.07,1,0,26.71,1,0,0.11,1,0,0.09,1,0,0.04,1,0,39.0,1,0,1836.0,1,0,61063.0,1,0,89.0,0,4,2.56,1,0,7.17,1,0,0.019,1,0
0.2629622026565149,1,0,0.9648061359537645,1,0,65250.0,1,0,96.0,0,5,42.4,1,0,4.7,1,0,18.2,1,0,5.75,1,0,7.34,1,0,2.06,1,0,23.23,1,0,0.13,1,0,0.08,1,0,0.04,1,0,39.0,1,0,2463.0,1,0,64626.0,1,0,89.0,0,5,2.3,1,0,7.23,1,0,0.016,1,0
0.2463612742933148,1,0,0.9691780654392536,1,0,64341.0,1,0,96.0,0,6,27.8,1,0,19.4,1,0,24.2,1,0,6.5,1,0,7.3,1,0,2.09,1,0,24.89,1,0,0.14,1,0,0.09,1,0,0.04,1,0,43.6,1,0,1831.0,1,0,60251.0,1,0,89.0,0,6,2.52,1,0,7.19,1,0,0.012,1,0
0.22968774213179574,1,0,0.9732643737003824,1,0,59923.0,1,0,95.0,1,0,28.2,1,0,13.0,1,0,19.7,1,0,5.45,1,0,7.33,1,0,2.0,1,0,18.62,1,0,0.13,1,0,0.08,1,0,0.04,1,0,46.0,1,0,1978.0,1,0,59632.0,1,0,92.0,1,0,2.21,1,0,7.25,1,0,0.014,1,0
0.21294651993841582,1,0,0.9770638564833508,1,0,58038.0,1,0,95.0,0,1,127.0,1,0,13.7,1,0,55.3,1,0,5.35,1,0,7.39,1,0,2.0,1,0,28.34,1,0,0.13,1,0,0.08,1,0,0.04,1,0,46.5,1,0,2383.0,1,0,55639.0,1,0,92.0,0,1,2.31,1,0,7.26,1,0,0.019,1,0
0.19614254142819698,1,0,0.9805753940631429,1,0,66075.0,1,0,95.0,0,2,54.1,1,0,23.2,1,0,30.5,1,0,5.35,1,0,7.38,1,0,2.08,1,0,28.35,1,0,0.14,1,0,0.09,1,0,0.04,1,0,38.0,1,0,1633.0,1,0,62375.0,1,0,92.0,0,2,2.44,1,0,7.26,1,0,0.017,1,0
0.17928075881073577,1,0,0.9837979515735163,1,0,64833.0,1,0,95.0,0,3,19.1,1,0,15.1,1,0,14.0,1,0,5.0,1,0,7.32,1,0,2.09,1,0,26.25,1,0,0.13,1,0,0.04,1,0,0.04,1,0,48.25,1,0,2150.0,1,0,63666.0,1,0,92.0,0,3,2.1,1,0,7.24,1,0,0.012,1,0
0.162366141330764,1,0,0.9867305793119814,1,0,57136.0,1,0,95.0,0,4,21.2,1,0,11.3,1,0,15.0,1,0,4.9,1,0,7.28,1,0,2.0,1,0,25.53,1,0,0.13,1,0,0.08,1,0,0.04,1,0,42.3,1,0,1560.0,1,0,55182.0,1,0,92.0,0,4,2.08,1,0,7.23,1,0,0.014,1,0
0.14540367380368976,1,0,0.989372413019683,1,0,62992.0,1,0,95.0,0,5,15.9,1,0,7.7,1,0,9.9,1,0,4.6,1,0,7.41,1,0,2.0,1,0,26.11,1,0,0.14,1,0,0.09,1,0,0.04,1,0,42.0,1,0,2408.0,1,0,61833.0,1,0,92.0,0,5,2.22,1,0,7.25,1,0,0.014,1,0
0.12839835514655099,1,0,0.9917226741361015,1,0,67024.0,1,0,95.0,0,6,11.8,1,0,7.6,1,0,9.1,1,0,4.65,1,0,7.4,1,0,2.0,1,0,25.51,1,0,0.13,1,0,0.08,1,0,0.04,1,0,48.6,1,0,2507.0,1,0,63846.0,1,0,92.0,0,6,2.29,1,0,7.24,1,0,0.018,1,0
0.11135519690480875,1,0,0.9937806700284985,1,0,68458.0,1,0,93.0,1,0,14.8,1,0,7.0,1,0,10.3,1,0,4.85,1,0,7.35,1,0,2.0,1,0,26.7,1,0,0.13,1,0,0.08,1,0,0.04,1,0,39.0,1,0,2404.0,1,0,65081.0,1,0,90.0,1,0,2.39,1,0,7.19,1,0,0.017,1,0
0.09427922177542453,1,0,0.9955457941960382,1,0,52727.0,1,0,93.0,0,1,50.6,1,0,7.1,1,0,30.2,1,0,4.95,1,0,7.3,1,0,2.0,1,0,24.04,1,0,0.12,1,0,0.08,1,0,0.04,1,0,46.0,1,0,1257.0,1,0,53122.0,1,0,90.0,0,1,2.17,1,0,7.19,1,0,0.012,1,0
0.07717546212664653,1,0,0.9970175264485267,1,0,57481.0,1,0,93.0,0,2,52.4,1,0,31.1,1,0,38.3,1,0,5.25,1,0,7.38,1,0,2.0,1,0,25.13,1,0,0.13,1,0,0.09,1,0,0.03,1,0,56.6,1,0,3050.0,1,0,54645.0,1,0,90.0,0,2,2.2,1,0,7.24,1,0,0.015,1,0
0.0600489585149486,1,0,0.998195433059714,1,0,69519.0,1,0,93.0,0,3,36.6,1,0,10.5,1,0,19.4,1,0,5.2,1,0,7.4,1,0,2.0,1,0,23.32,1,0,0.13,1,0,0.08,1,0,0.04,1,0,46.0,1,0,1245.0,1,0,68444.0,1,0,90.0,0,3,2.08,1,0,7.26,1,0,0.019,1,0
0.042904758199554374,1,0,0.9990791668951153,1,0,72599.0,1,0,93.0,0,4,16.2,1,0,9.4,1,0,11.7,1,0,5.6,1,0,7.33,1,0,2.0,1,0,26.59,1,0,0.13,1,0,0.31,1,0,0.04,1,0,44.0,1,0,2133.0,1,0,69823.0,1,0,90.0,0,4,2.12,1,0,7.22,1,0,0.016,1,0
0.025747913654988658,1,0,0.999668467514313,1,0,53858.0,1,0,93.0,0,5,8.3,1,0,4.7,1,0,7.2,1,0,5.7,1,0,7.31,1,0,2.0,1,0,26.0,1,0,0.12,1,0,0.07,1,0,0.04,1,0,41.0,1,0,2825.0,1,0,51332.0,1,0,90.0,0,5,2.17,1,0,7.25,1,0,0.013,1,0
0.008583481082087055,1,0,0.9999631612477099,1,0,52315.0,1,0,93.0,0,6,6.1,1,0,2.7,1,0,4.0,1,0,5.85,1,0,7.35,1,0,2.0,1,0,26.2,1,0,0.13,1,0,0.08,1,0,0.04,1,0,42.0,1,0,1218.0,1,0,49968.0,1,0,90.0,0,6,2.09,1,0,7.23,1,0,0.012,1,0
-0.008583481082086933,1,0,0.9999631612477099,1,0,69077.0,1,0,93.0,0,7,5.3,1,0,2.6,1,0,4.0,1,0,6.0,1,0,7.34,1,0,2.09,1,0,26.88,1,0,0.13,1,0,0.04,1,0,0.04,1,0,48.5,1,0,2409.0,1,0,37447.0,1,0,90.0,0,7,3.72,1,0,7.22,1,0,0.016,1,0
-0.025747913654988314,1,0,0.9996684675143132,1,0,55314.0,1,0,95.0,1,0,11.5,1,0,2.6,1,0,4.7,1,0,6.2,1,0,7.26,1,0,2.08,1,0,25.84,1,0,0.13,1,0,0.04,1,0,0.04,1,0,40.4,1,0,3028.0,1,0,53225.0,1,0,95.0,1,0,2.11,1,0,7.21,1,0,0.019,1,0
-0.04290475819955447,1,0,0.9990791668951153,1,0,64222.0,1,0,95.0,0,1,33.3,1,0,7.8,1,0,20.0,1,0,6.35,1,0,7.26,1,0,2.0,1,0,25.7,1,0,0.12,1,0,0.07,1,0,0.04,1,0,38.0,1,0,934.0,1,0,62434.0,1,0,95.0,0,1,2.2,1,0,7.21,1,0,0.018,1,0
-0.06004895851494825,1,0,0.998195433059714,1,0,60938.0,1,0,95.0,0,2,8.9,1,0,5.1,1,0,7.2,1,0,6.55,1,0,7.3,1,0,2.0,1,0,26.84,1,0,0.12,1,0,0.23,1,0,0.04,1,0,45.0,1,0,2774.0,1,0,59962.0,1,0,95.0,0,2,2.18,1,0,7.24,1,0,0.017,1,0
-0.07717546212664618,1,0,0.9970175264485267,1,0,69393.0,1,0,95.0,0,3,7.1,1,0,5.0,1,0,5.9,1,0,6.65,1,0,7.29,1,0,2.08,1,0,25.27,1,0,0.12,1,0,0.08,1,0,0.04,1,0,43.75,1,0,2437.0,1,0,65496.0,1,0,95.0,0,3,2.23,1,0,7.24,1,0,0.019,1,0
-0.0942792217754244,1,0,0.9955457941960382,1,0,70505.0,1,0,95.0,0,4,9.9,1,0,5.6,1,0,7.1,1,0,6.65,1,0,7.3,1,0,2.08,1,0,25.71,1,0,0.13,1,0,0.05,1,0,0.04,1,0,45.3,1,0,2138.0,1,0,69652.0,1,0,95.0,0,4,2.07,1,0,7.24,1,0,0.023,1,0
-0.11135519690480862,1,0,0.9937806700284985,1,0,73514.0,1,0,95.0,0,5,7.2,1,0,4.2,1,0,5.0,1,0,7.0,1,0,7.27,1,0,2.07,1,0,31.99,1,0,0.13,1,0,0.1,1,0,0.04,1,0,39.0,1,0,1579.0,1,0,72606.0,1,0,95.0,0,5,2.04,1,0,7.22,1,0,0.024,1,0
-0.12839835514655107,1,0,0.9917226741361015,1,0,73107.0,1,0,93.0,1,0,4.2,1,0,2.0,1,0,3.03,1,0,7.55,1,0,7.31,1,0,2.07,1,0,20.54,1,0,0.13,1,0,0.08,1,0,0.04,1,0,47.0,1,0,2437.0,1,0,69904.0,1,0,89.0,1,0,2.28,1,0,7.24,1,0,0.019,1,0
-0.14540367380368988,1,0,0.9893724130196829,1,0,66496.0,1,0,93.0,0,1,9.8,1,0,1.8,1,0,3.04,1,0,7.85,1,0,7.31,1,0,2.08,1,0,27.1,1,0,0.13,1,0,0.08,1,0,0.04,1,0,54.0,1,0,2441.0,1,0,65690.0,1,0,89.0,0,1,1.91,1,0,7.23,1,0,0.019,1,0
-0.16236614133076366,1,0,0.9867305793119814,1,0,67899.0,1,0,93.0,0,2,3.6,1,0,2.1,1,0,2.6,1,0,7.85,1,0,7.31,1,0,2.06,1,0,24.85,1,0,0.12,1,0,0.51,1,0,0.04,1,0,45.75,1,0,1782.0,1,0,65027.0,1,0,89.0,0,2,1.95,1,0,7.24,1,0,0.02,1,0
-0.17928075881073566,1,0,0.9837979515735163,1,0,50904.0,1,0,93.0,0,3,3.0,1,0,2.0,1,0,2.4,1,0,8.45,1,0,7.37,1,0,2.04,1,0,26.13,1,0,0.13,1,0,0.05,1,0,0.04,1,0,44.75,1,0,2447.0,1,0,48669.0,1,0,89.0,0,3,2.14,1,0,7.27,1,0,0.024,1,0
-0.19614254142819687,1,0,0.980575394063143,1,0,48032.0,1,0,93.0,0,4,38.9,1,0,2.2,1,0,18.2,1,0,8.95,1,0,7.32,1,0,2.0,1,0,25.9,1,0,0.12,1,0,0.08,1,0,0.04,1,0,40.0,1,0,1335.0,1,0,46780.0,1,0,89.0,0,4,2.07,1,0,7.25,1,0,0.022,1,0
-0.21294651993841593,1,0,0.9770638564833507,1,0,67568.0,1,0,93.0,0,5,41.5,1,0,12.4,1,0,28.8,1,0,8.55,1,0,7.41,1,0,2.0,1,0,26.67,1,0,0.1,1,0,0.07,1,0,0.04,1,0,48.0,1,0,1666.0,1,0,66780.0,1,0,89.0,0,5,1.97,1,0,7.31,1,0,0.015,1,0
-0.22968774213179563,1,0,0.9732643737003824,1,0,67992.0,1,0,93.0,0,6,19.4,1,0,8.1,1,0,13.1,1,0,8.8,1,0,7.39,1,0,2.0,1,0,26.29,1,0,0.12,1,0,0.09,1,0,0.04,1,0,49.0,1,0,1707.0,1,0,65709.0,1,0,89.0,0,6,2.08,1,0,7.27,1,0,0.014,1,0
-0.2463612742933147,1,0,0.9691780654392537,1,0,69649.0,1,0,102.0,1,0,9.5,1,0,5.7,1,0,7.1,1,0,9.0,1,0,7.32,1,0,2.0,1,0,25.67,1,0,0.08,1,0,0.08,1,0,0.09,1,0,48.0,1,0,2306.0,1,0,70459.0,1,0,93.0,1,0,1.89,1,0,7.24,1,0,0.022,1,0
-0.26296220265651454,1,0,0.9648061359537646,1,0,73199.0,1,0,102.0,0,1,7.0,1,0,4.2,1,0,5.4,1,0,9.5,1,0,7.35,1,0,1.93,1,0,23.64,1,0,0.1,1,0,0.07,1,0,0.04,1,0,40.0,1,0,2168.0,1,0,70557.0,1,0,93.0,0,1,2.1,1,0,7.27,1,0,0.058,1,0
-0.2794856348516094,1,0,0.9601498736716018,1,0,60970.0,1,0,102.0,0,2,9.7,1,0,5.8,1,0,6.49,1,0,10.05,1,0,7.35,1,0,2.05,1,0,26.04,1,0,0.12,1,0,0.08,1,0,0.04,1,0,49.6,1,0,2328.0,1,0,56012.0,1,0,93.0,0,2,3.04,1,0,7.29,1,0,0.029,1,0
-0.2959267013472892,1,0,0.9552106508146317,1,0,63788.0,1,0,102.0,0,3,7.8,1,0,3.7,1,0,5.0,1,0,9.75,1,0,7.29,1,0,2.08,1,0,25.11,1,0,0.12,1,0,0.18,1,0,0.04,1,0,44.25,1,0,1577.0,1,0,64083.0,1,0,93.0,0,3,1.97,1,0,7.24,1,0,0.019,1,0
-0.31228055688579476,1,0,0.949989922994501,1,0,64155.0,1,0,102.0,0,4,10.1,1,0,2.9,1,0,4.9,1,0,10.3,1,0,7.27,1,0,2.0,1,0,24.52,1,0,0.12,1,0,0.05,1,0,0.04,1,0,46.0,1,0,1086.0,1,0,62222.0,1,0,93.0,0,4,1.9,1,0,7.24,1,0,0.02,1,0
-0.32854238191083474,1,0,0.9444892287836613,1,0,55816.0,1,0,102.0,0,5,24.2,1,0,5.1,1,0,12.2,1,0,10.6,1,0,7.28,1,0,2.0,1,0,25.36,1,0,0.13,1,0,0.08,1,0,0.04,1,0,57.0,1,0,2766.0,1,0,54680.0,1,0,93.0,0,5,2.11,1,0,7.25,1,0,0.03,1,0
-0.3447073839879337,1,0,0.9387101892619443,1,0,61507.0,1,0,102.0,0,6,9.8,1,0,6.4,1,0,7.4,1,0,10.8,1,0,7.27,1,0,2.0,1,0,25.34,1,0,0.12,1,0,0.15,1,0,0.04,1,0,48.0,1,0,1075.0,1,0,59576.0,1,0,93.0,0,6,2.1,1,0,7.25,1,0,0.03,1,0
-0.3607707992167831,1,0,0.9326545075388225,1,0,70839.0,1,0,97.0,1,0,5.9,1,0,3.4,1,0,4.5,1,0,10.5,1,0,7.19,1,0,2.0,1,0,24.83,1,0,0.12,1,0,0.42,1,0,0.04,1,0,52.0,1,0,1107.0,1,0,69677.0,1,0,96.0,1,0,2.31,1,0,7.26,1,0,0.036,1,0
-0.376727893635185,1,0,0.926323968251495,1,0,51604.0,1,0,97.0,0,1,35.0,1,0,3.6,1,0,15.3,1,0,10.95,1,0,7.3,1,0,2.0,1,0,27.13,1,0,0.12,1,0,0.09,1,0,0.04,1,0,49.0,1,0,2273.0,1,0,49355.0,1,0,96.0,0,1,2.12,1,0,7.26,1,0,0.019,1,0
-0.39257396461417177,1,0,0.9197204370389467,1,0,53198.0,1,0,97.0,0,2,49.8,1,0,6.0,1,0,14.8,1,0,10.8,1,0,7.22,1,0,2.0,1,0,26.87,1,0,0.12,1,0,0.08,1,0,0.03,1,0,48.0,1,0,2675.0,1,0,51155.0,1,0,96.0,0,2,2.12,1,0,7.26,1,0,0.026,1,0
-0.40830434224389345,1,0,0.9128458599921355,1,0,71449.0,1,0,97.0,0,3,15.5,1,0,3.8,1,0,7.2,1,0,10.6,1,0,7.25,1,0,2.0,1,0,25.37,1,0,0.12,1,0,0.09,1,0,0.04,1,0,44.0,1,0,1108.0,1,0,69168.0,1,0,96.0,0,3,2.0,1,0,7.27,1,0,0.034,1,0
-0.42391439070986064,1,0,0.9057022630804715,1,0,67046.0,1,0,97.0,0,4,8.4,1,0,2.8,1,0,5.0,1,0,11.15,1,0,7.26,1,0,2.17,1,0,25.28,1,0,0.14,1,0,0.34,1,0,0.04,1,0,46.0,1,0,1082.0,1,0,70972.0,1,0,96.0,0,4,1.99,1,0,7.24,1,0,0.036,1,0
-0.43939950965914143,1,0,0.898291751554753,1,0,62747.0,1,0,97.0,0,5,8.3,1,0,2.9,1,0,5.1,1,0,11.1,1,0,7.29,1,0,2.0,1,0,25.6,1,0,0.12,1,0,1.09,1,0,0.04,1,0,51.0,1,0,2210.0,1,0,61197.0,1,0,96.0,0,5,1.99,1,0,7.25,1,0,0.024,1,0
-0.4547551355561055,1,0,0.8906165093267405,1,0,55342.0,1,0,97.0,0,6,5.7,1,0,2.2,1,0,3.0,1,0,11.25,1,0,7.26,1,0,2.0,1,0,24.77,1,0,0.12,1,0,0.23,1,0,0.04,1,0,53.0,1,0,1680.0,1,0,53885.0,1,0,96.0,0,6,1.98,1,0,7.26,1,0,0.028,1,0
-0.4699767430273197,1,0,0.8826787983255476,1,0,69215.0,1,0,98.0,1,0,10.6,1,0,2.7,1,0,5.4,1,0,11.4,1,0,7.26,1,0,2.07,1,0,25.34,1,0,0.12,1,0,0.08,1,0,0.04,1,0,49.0,1,0,1570.0,1,0,67067.0,1,0,91.0,1,0,2.0,1,0,7.22,1,0,0.025,1,0
-0.4850598461951961,1,0,0.8744809578310397,1,0,71194.0,1,0,98.0,0,1,6.2,1,0,2.0,1,0,3.5,1,0,11.65,1,0,7.21,1,0,2.09,1,0,25.05,1,0,0.12,1,0,0.05,1,0,0.03,1,0,41.3,1,0,1501.0,1,0,71474.0,1,0,91.0,0,1,1.95,1,0,7.22,1,0,0.037,1,0
-0.4999999999999998,1,0,0.8660254037844387,1,0,72147.0,1,0,98.0,0,2,7.4,1,0,1.2,1,0,3.7,1,0,11.65,1,0,7.2,1,0,2.0,1,0,25.53,1,0,0.12,1,0,0.08,1,0,0.04,1,0,43.0,1,0,2817.0,1,0,69699.0,1,0,91.0,0,2,2.09,1,0,7.24,1,0,0.034,1,0
-0.5147928015098308,1,0,0.8573146280763323,1,0,76651.0,1,0,98.0,0,3,6.0,1,0,3.6,1,0,4.7,1,0,12.7,1,0,7.29,1,0,2.0,1,0,24.61,1,0,0.12,1,0,0.15,1,0,0.04,1,0,46.0,1,0,1632.0,1,0,76286.0,1,0,91.0,0,3,2.02,1,0,7.26,1,0,0.029,1,0
-0.5294338912181852,1,0,0.848351197812304,1,0,59275.0,1,0,98.0,0,4,3.3,1,0,1.6,1,0,2.5,1,0,14.3,1,0,7.27,1,0,2.07,1,0,24.86,1,0,0.12,1,0,0.06,1,0,0.04,1,0,43.0,1,0,2349.0,1,0,54772.0,1,0,91.0,0,4,2.2,1,0,7.29,1,0,0.032,1,0
-0.5439189543287246,1,0,0.8391377545563939,1,0,67775.0,1,0,98.0,0,5,8.0,1,0,1.8,1,0,3.3,1,0,14.45,1,0,7.19,1,0,2.08,1,0,25.01,1,0,0.13,1,0,0.09,1,0,0.04,1,0,41.25,1,0,2124.0,1,0,66241.0,1,0,91.0,0,5,2.08,1,0,7.28,1,0,0.033,1,0
-0.5582437220268649,1,0,0.8296770135526188,1,0,59692.0,1,0,98.0,0,6,4.1,1,0,1.7,1,0,2.6,1,0,14.75,1,0,7.26,1,0,2.06,1,0,24.69,1,0,0.13,1,0,0.06,1,0,0.04,1,0,39.6,1,0,1574.0,1,0,56907.0,1,0,91.0,0,6,2.1,1,0,7.26,1,0,0.046,1,0
-0.5724039727378148,1,0,0.8199717629247771,1,0,63486.0,1,0,93.0,1,0,3.1,1,0,2.0,1,0,2.4,1,0,14.3,1,0,7.31,1,0,2.08,1,0,25.77,1,0,0.13,1,0,0.09,1,0,0.04,1,0,42.3,1,0,2089.0,1,0,63192.0,1,0,100.0,1,0,2.19,1,0,7.27,1,0,0.034,1,0
-0.5863955333706956,1,0,0.8100248628547752,1,0,64898.0,1,0,93.0,0,1,5.5,1,0,1.8,1,0,2.5,1,0,14.3,1,0,7.29,1,0,2.08,1,0,23.79,1,0,0.12,1,0,0.08,1,0,0.04,1,0,47.0,1,0,1643.0,1,0,62890.0,1,0,100.0,0,1,2.14,1,0,7.28,1,0,0.031,1,0
-0.600214280548368,1,0,0.7998392447397195,1,0,78409.0,1,0,93.0,0,2,6.8,1,0,2.0,1,0,3.3,1,0,15.1,1,0,7.31,1,0,2.08,1,0,24.99,1,0,0.12,1,0,0.29,1,0,0.04,1,0,37.5,1,0,1563.0,1,0,76811.0,1,0,100.0,0,2,2.2,1,0,7.31,1,0,0.036,1,0
-0.6138561418226116,1,0,0.7894179103280199,1,0,58016.0,1,0,93.0,0,3,5.0,1,0,1.4,1,0,2.5,1,0,14.6,1,0,7.17,1,0,2.06,1,0,24.65,1,0,0.11,1,0,0.16,1,0,0.04,1,0,47.4,1,0,2497.0,1,0,53777.0,1,0,100.0,0,3,2.36,1,0,7.27,1,0,0.044,1,0
-0.6273170968742938,1,0,0.7787639308347607,1,0,70766.0,1,0,93.0,0,4,6.0,1,0,2.2,1,0,3.6,1,0,14.6,1,0,7.23,1,0,2.0,1,0,25.06,1,0,0.12,1,0,0.08,1,0,0.04,1,0,44.0,1,0,1798.0,1,0,71777.0,1,0,100.0,0,4,2.04,1,0,7.25,1,0,0.047,1,0
-0.6405931786981751,1,0,0.7678804460366001,1,0,59550.0,1,0,93.0,0,5,23.8,1,0,2.3,1,0,14.9,1,0,14.75,1,0,7.31,1,0,2.0,1,0,24.98,1,0,0.11,1,0,0.87,1,0,0.04,1,0,45.0,1,0,1565.0,1,0,55309.0,1,0,100.0,0,5,2.26,1,0,7.27,1,0,0.059,1,0
-0.6536804747720057,1,0,0.7567706633464627,1,0,70249.0,1,0,93.0,0,6,15.2,1,0,4.7,1,0,8.3,1,0,14.5,1,0,7.27,1,0,2.08,1,0,25.04,1,0,0.11,1,0,0.09,1,0,0.04,1,0,48.7,1,0,1669.0,1,0,69929.0,1,0,100.0,0,6,2.02,1,0,7.27,1,0,0.066,1,0
-0.6665751282095632,1,0,0.7454378568683001,1,0,78528.0,1,0,103.0,1,0,11.0,1,0,5.0,1,0,7.4,1,0,15.05,1,0,7.28,1,0,2.08,1,0,24.77,1,0,0.12,1,0,0.08,1,0,0.04,1,0,42.0,1,0,1633.0,1,0,77692.0,1,0,102.0,1,0,2.12,1,0,7.27,1,0,0.068,1,0
-0.6792733388972931,1,0,0.7338853664321991,1,0,75129.0,1,0,103.0,0,1,4.8,1,0,3.2,1,0,3.8,1,0,15.2,1,0,7.24,1,0,2.04,1,0,23.22,1,0,0.12,1,0,0.64,1,0,0.04,1,0,39.25,1,0,2213.0,1,0,72813.0,1,0,102.0,0,1,2.18,1,0,7.24,1,0,0.051,1,0
-0.6917713646142222,1,0,0.722116596610116,1,0,67654.0,1,0,103.0,0,2,5.0,1,0,2.6,1,0,3.1,1,0,15.3,1,0,7.29,1,0,2.0,1,0,24.31,1,0,0.11,1,0,0.08,1,0,0.04,1,0,47.5,1,0,2426.0,1,0,65411.0,1,0,102.0,0,2,2.06,1,0,7.26,1,0,0.052,1,0
-0.7040655221348058,1,0,0.7101350157125358,1,0,78692.0,1,0,103.0,0,3,7.6,1,0,2.2,1,0,3.6,1,0,15.6,1,0,7.28,1,0,2.0,1,0,24.35,1,0,0.11,1,0,0.64,1,0,0.04,1,0,41.5,1,0,3356.0,1,0,74900.0,1,0,102.0,0,3,2.15,1,0,7.26,1,0,0.051,1,0
-0.7161521883143933,1,0,0.6979441547663435,1,0,58489.0,1,0,103.0,0,4,2.6,1,0,1.6,1,0,1.9,1,0,15.8,1,0,7.23,1,0,2.05,1,0,24.45,1,0,0.12,1,0,0.08,1,0,0.04,1,0,35.4,1,0,2767.0,1,0,55258.0,1,0,102.0,0,4,2.15,1,0,7.24,1,0,0.071,1,0
-0.7280278011569847,1,0,0.6855476064742155,1,0,64511.0,1,0,103.0,0,5,2.2,1,0,1.6,1,0,1.9,1,0,17.05,1,0,7.23,1,0,2.09,1,0,23.06,1,0,0.11,1,0,0.07,1,0,0.04,1,0,36.0,1,0,1817.0,1,0,61479.0,1,0,102.0,0,5,2.24,1,0,7.27,1,0,0.058,1,0
-0.7396888608649667,1,0,0.672949024155833,1,0,73075.0,1,0,103.0,0,6,3.5,1,0,1.5,1,0,2.3,1,0,17.3,1,0,7.23,1,0,2.07,1,0,23.09,1,0,0.11,1,0,0.08,1,0,0.04,1,0,47.66,1,0,1848.0,1,0,72897.0,1,0,102.0,0,6,2.24,1,0,7.26,1,0,0.067,1,0
-0.7511319308705197,1,0,0.660152120671232,1,0,82385.0,1,0,103.0,0,7,4.6,1,0,1.6,1,0,2.7,1,0,17.5,1,0,7.28,1,0,2.0,1,0,23.09,1,0,0.12,1,0,0.08,1,0,0.04,1,0,49.0,1,0,2480.0,1,0,79194.0,1,0,102.0,0,7,2.28,1,0,7.25,1,0,0.065,1,0
-0.7623536388483902,1,0,0.647160667326606,1,0,85584.0,1,0,107.0,1,0,6.1,1,0,1.4,1,0,2.9,1,0,17.9,1,0,7.28,1,0,2.06,1,0,23.36,1,0,0.11,1,0,0.07,1,0,0.04,1,0,42.5,1,0,2416.0,1,0,83949.0,1,0,94.0,1,0,2.23,1,0,7.26,1,0,0.074,1,0
-0.7733506777097298,1,0,0.6339784927628868,1,0,91226.0,1,0,107.0,0,1,8.5,1,0,1.8,1,0,4.3,1,0,20.1,1,0,7.27,1,0,2.06,1,0,22.46,1,0,0.11,1,0,0.46,1,0,0.04,1,0,43.6,1,0,3113.0,1,0,87186.0,1,0,94.0,0,1,2.35,1,0,7.25,1,0,0.081,1,0
-0.7841198065767103,1,0,0.620609481827423,1,0,92879.0,1,0,107.0,0,2,7.8,1,0,2.3,1,0,5.3,1,0,18.75,1,0,7.23,1,0,2.05,1,0,20.94,1,0,0.11,1,0,0.1,1,0,0.04,1,0,35.5,1,0,2425.0,1,0,90647.0,1,0,94.0,0,2,2.17,1,0,7.27,1,0,0.095,1,0
-0.7946578517376249,1,0,0.6070575744291006,1,0,96444.0,1,0,107.0,0,3,7.1,1,0,2.0,1,0,3.5,1,0,18.6,1,0,7.25,1,0,2.0,1,0,23.23,1,0,0.11,1,0,0.32,1,0,0.04,1,0,41.0,1,0,3098.0,1,0,94483.0,1,0,94.0,0,3,2.18,1,0,7.27,1,0,0.065,1,0
-0.8049617075821959,1,0,0.593326764377232,1,0,92910.0,1,0,107.0,0,4,4.1,1,0,1.6,1,0,2.6,1,0,18.9,1,0,7.28,1,0,2.0,1,0,23.32,1,0,0.11,1,0,0.09,1,0,0.04,1,0,39.0,1,0,3268.0,1,0,86728.0,1,0,94.0,0,4,2.31,1,0,7.28,1,0,0.059,1,0
-0.8150283375168113,1,0,0.5794210982045638,1,0,83392.0,1,0,107.0,0,5,6.9,1,0,1.3,1,0,3.0,1,0,19.7,1,0,7.27,1,0,2.0,1,0,23.15,1,0,0.11,1,0,0.24,1,0,0.04,1,0,39.0,1,0,2460.0,1,0,78358.0,1,0,94.0,0,5,2.27,1,0,7.26,1,0,0.059,1,0
-0.8248547748594245,1,0,0.5653446739747428,1,0,65603.0,1,0,96.0,1,0,40.2,1,0,1.6,1,0,16.0,1,0,21.0,1,0,7.2,1,0,2.0,1,0,23.14,1,0,0.12,1,0,0.09,1,0,0.05,1,0,42.5,1,0,2437.0,1,0,62430.0,1,0,86.0,1,0,2.35,1,0,7.26,1,0,0.063,1,0
-0.8344381237138473,1,0,0.5511016400746,1,0,70483.0,1,0,96.0,0,1,42.2,1,0,11.0,1,0,19.4,1,0,20.3,1,0,7.29,1,0,2.0,1,0,24.67,1,0,0.12,1,0,0.1,1,0,0.05,1,0,44.5,1,0,2451.0,1,0,66105.0,1,0,86.0,0,1,2.51,1,0,7.28,1,0,0.097,1,0
-0.8437755598231856,1,0,0.5366961939916005,1,0,69889.0,1,0,96.0,0,2,10.1,1,0,5.9,1,0,7.4,1,0,20.1,1,0,7.36,1,0,3.0,1,0,23.41,1,0,0.12,1,0,0.07,1,0,0.05,1,0,47.0,1,0,1142.0,1,0,66650.0,1,0,86.0,0,2,2.5,1,0,7.31,1,0,0.1,1,0
-0.8528643314021596,1,0,0.522132581076825,1,0,83817.0,1,0,96.0,0,3,7.5,1,0,4.2,1,0,5.9,1,0,19.8,1,0,7.31,1,0,3.0,1,0,23.03,1,0,0.12,1,0,0.13,1,0,0.05,1,0,57.0,1,0,2686.0,1,0,80447.0,1,0,86.0,0,3,2.36,1,0,7.3,1,0,0.08,1,0
-0.861701759948068,1,0,0.5074150932938458,1,0,91551.0,1,0,96.0,0,4,6.0,1,0,3.7,1,0,4.9,1,0,19.7,1,0,7.29,1,0,3.06,1,0,22.7,1,0,0.12,1,0,0.82,1,0,0.04,1,0,46.0,1,0,1703.0,1,0,85333.0,1,0,86.0,0,4,2.31,1,0,7.3,1,0,0.054,1,0
-0.8702852410301553,1,0,0.4925480679538644,1,0,81828.0,1,0,96.0,0,5,6.1,1,0,3.1,1,0,4.5,1,0,20.0,1,0,7.28,1,0,3.08,1,0,22.69,1,0,0.12,1,0,0.07,1,0,0.04,1,0,51.0,1,0,1766.0,1,0,76804.0,1,0,86.0,0,5,2.66,1,0,7.3,1,0,0.097,1,0
-0.8786122450571482,1,0,0.47753588643748834,1,0,59949.0,1,0,96.0,0,6,28.1,1,0,3.3,1,0,10.5,1,0,20.4,1,0,7.24,1,0,3.09,1,0,20.65,1,0,0.12,1,0,0.12,1,0,0.05,1,0,50.0,1,0,2925.0,1,0,53604.0,1,0,86.0,0,6,2.32,1,0,7.28,1,0,0.138,1,0
-0.8866803180227399,1,0,0.4623829729035151,1,0,73660.0,1,0,103.0,1,0,8.2,1,0,3.2,1,0,4.8,1,0,20.0,1,0,7.23,1,0,3.0,1,0,20.61,1,0,0.12,1,0,0.28,1,0,0.05,1,0,39.0,1,0,2264.0,1,0,72052.0,1,0,102.0,1,0,2.05,1,0,7.3,1,0,0.085,1,0
-0.8944870822287954,1,0,0.44709379298511426,1,0,80661.0,1,0,103.0,0,1,4.5,1,0,3.3,1,0,3.9,1,0,20.75,1,0,7.34,1,0,3.09,1,0,21.06,1,0,0.12,1,0,0.09,1,0,0.05,1,0,47.33,1,0,1785.0,1,0,77358.0,1,0,102.0,0,1,2.17,1,0,7.31,1,0,0.06,1,0
-0.9020302369860707,1,0,0.43167285247378384,1,0,78857.0,1,0,103.0,0,2,4.7,1,0,2.7,1,0,3.7,1,0,21.4,1,0,7.29,1,0,3.08,1,0,20.67,1,0,0.12,1,0,0.1,1,0,0.06,1,0,42.5,1,0,2302.0,1,0,71777.0,1,0,102.0,0,2,2.35,1,0,7.29,1,0,0.087,1,0
-0.9093075592922357,1,0,0.4161246959914746,1,0,80785.0,1,0,103.0,0,3,7.6,1,0,2.4,1,0,4.8,1,0,21.1,1,0,7.27,1,0,3.12,1,0,21.07,1,0,0.11,1,0,0.09,1,0,0.05,1,0,46.33,1,0,1802.0,1,0,76027.0,1,0,102.0,0,3,2.24,1,0,7.29,1,0,0.088,1,0
-0.9163169044870048,1,0,0.4004539056512664,1,0,73971.0,1,0,103.0,0,4,14.1,1,0,4.4,1,0,9.1,1,0,20.9,1,0,7.31,1,0,3.08,1,0,21.65,1,0,0.12,1,0,0.12,1,0,0.05,1,0,53.0,1,0,2333.0,1,0,65014.0,1,0,102.0,0,4,2.55,1,0,7.3,1,0,0.093,1,0
-0.923056206884176,1,0,0.3846650997070012,1,0,79249.0,1,0,103.0,0,5,9.4,1,0,4.2,1,0,6.4,1,0,20.4,1,0,7.2,1,0,3.11,1,0,21.29,1,0,0.12,1,0,0.1,1,0,0.05,1,0,41.0,1,0,2297.0,1,0,76408.0,1,0,102.0,0,5,2.2,1,0,7.26,1,0,0.074,1,0
-0.9295234803804002,1,0,0.3687629311922603,1,0,73186.0,1,0,103.0,0,6,16.7,1,0,3.4,1,0,8.26,1,0,20.45,1,0,7.24,1,0,3.08,1,0,20.13,1,0,0.12,1,0,0.11,1,0,0.06,1,0,47.0,1,0,2020.0,1,0,68743.0,1,0,102.0,0,6,2.27,1,0,7.28,1,0,0.055,1,0
-0.9357168190404935,1,0,0.352752086549095,1,0,69601.0,1,0,102.0,1,0,7.3,1,0,3.8,1,0,5.1,1,0,20.2,1,0,7.24,1,0,3.0,1,0,19.52,1,0,0.11,1,0,0.09,1,0,0.05,1,0,48.5,1,0,2041.0,1,0,62690.0,1,0,91.0,1,0,1.92,1,0,7.31,1,0,0.089,1,0
-0.9416343976591258,1,0,0.3366372842469106,1,0,84531.0,1,0,102.0,0,1,5.7,1,0,3.0,1,0,4.2,1,0,19.9,1,0,7.33,1,0,3.0,1,0,21.48,1,0,0.12,1,0,0.15,1,0,0.05,1,0,41.5,1,0,2364.0,1,0,79965.0,1,0,91.0,0,1,2.39,1,0,7.31,1,0,0.077,1,0
-0.9472744722987168,1,0,0.3204232733919116,1,0,93331.0,1,0,102.0,0,2,6.8,1,0,3.8,1,0,4.24,1,0,20.35,1,0,7.28,1,0,3.09,1,0,22.52,1,0,0.12,1,0,0.07,1,0,0.04,1,0,50.0,1,0,1812.0,1,0,88656.0,1,0,91.0,0,2,2.49,1,0,7.29,1,0,0.078,1,0
-0.9526353808033824,1,0,0.30411483232751846,1,0,95025.0,1,0,102.0,0,3,12.7,1,0,6.8,1,0,8.95,1,0,20.95,1,0,7.32,1,0,3.06,1,0,21.37,1,0,0.12,1,0,0.09,1,0,0.04,1,0,47.3,1,0,3405.0,1,0,87055.0,1,0,91.0,0,3,2.3,1,0,7.3,1,0,0.076,1,0
-0.9577155432887804,1,0,0.2877167672261668,1,0,99225.0,1,0,102.0,0,4,8.1,1,0,4.7,1,0,6.1,1,0,20.95,1,0,7.25,1,0,3.0,1,0,20.18,1,0,0.11,1,0,0.12,1,0,0.05,1,0,38.25,1,0,2044.0,1,0,94350.0,1,0,91.0,0,4,2.12,1,0,7.29,1,0,0.069,1,0
-0.9625134626077081,1,0,0.27123391067291,1,0,102066.0,1,0,102.0,0,5,8.5,1,0,2.6,1,0,4.4,1,0,20.9,1,0,7.33,1,0,3.0,1,0,21.2,1,0,0.12,1,0,0.06,1,0,0.05,1,0,42.75,1,0,3852.0,1,0,95075.0,1,0,91.0,0,5,2.31,1,0,7.28,1,0,0.1,1,0
-0.9670277247913204,1,0,0.2546711202412288,1,0,98820.0,1,0,102.0,0,6,5.0,1,0,2.0,1,0,3.2,1,0,21.25,1,0,7.32,1,0,3.0,1,0,21.62,1,0,0.12,1,0,0.08,1,0,0.04,1,0,41.8,1,0,2953.0,1,0,92957.0,1,0,91.0,0,6,2.29,1,0,7.28,1,0,0.085,1,0
-0.9712569994658313,1,0,0.2380332770614858,1,0,99233.0,1,0,93.0,1,0,4.2,1,0,2.3,1,0,3.39,1,0,22.5,1,0,7.32,1,0,3.06,1,0,22.43,1,0,0.12,1,0,0.29,1,0,0.05,1,0,38.6,1,0,2251.0,1,0,94453.0,1,0,102.0,1,0,2.51,1,0,7.26,1,0,0.088,1,0
-0.9752000402445825,1,0,0.22132528438243243,1,0,100997.0,1,0,93.0,0,1,4.1,1,0,2.1,1,0,3.12,1,0,22.3,1,0,7.33,1,0,3.07,1,0,20.38,1,0,0.11,1,0,0.1,1,0,0.05,1,0,41.1,1,0,3493.0,1,0,93214.0,1,0,102.0,0,1,2.49,1,0,7.29,1,0,0.078,1,0
-0.9788556850953578,1,0,0.2045520661262008,1,0,93543.0,1,0,93.0,0,2,4.6,1,0,1.9,1,0,3.1,1,0,23.55,1,0,7.27,1,0,3.0,1,0,19.89,1,0,0.11,1,0,0.1,1,0,0.05,1,0,35.6,1,0,3291.0,1,0,86400.0,1,0,102.0,0,2,2.38,1,0,7.26,1,0,0.07,1,0
-0.9822228566828406,1,0,0.18771856543719884,1,0,97184.0,1,0,93.0,0,3,5.8,1,0,2.4,1,0,3.5,1,0,23.5,1,0,7.26,1,0,3.0,1,0,20.04,1,0,0.11,1,0,0.1,1,0,0.05,1,0,35.8,1,0,2697.0,1,0,89966.0,1,0,102.0,0,3,2.43,1,0,7.24,1,0,0.119,1,0
-0.985300562686109,1,0,0.17082974322534442,1,0,98001.0,1,0,93.0,0,4,3.7,1,0,2.1,1,0,3.0,1,0,23.55,1,0,7.24,1,0,3.0,1,0,19.7,1,0,0.12,1,0,0.1,1,0,0.05,1,0,37.0,1,0,2885.0,1,0,92946.0,1,0,102.0,0,4,2.34,1,0,7.28,1,0,0.108,1,0
-0.9880878960910771,1,0,0.15389057670406214,1,0,97949.0,1,0,93.0,0,5,6.4,1,0,1.8,1,0,3.2,1,0,23.1,1,0,7.27,1,0,3.0,1,0,20.24,1,0,0.11,1,0,0.11,1,0,0.05,1,0,34.0,1,0,1836.0,1,0,91484.0,1,0,102.0,0,5,2.43,1,0,7.27,1,0,0.08,1,0
-0.9905840354577969,1,0,0.13690605792347574,1,0,81432.0,1,0,93.0,0,6,17.2,1,0,2.1,1,0,10.7,1,0,24.5,1,0,7.26,1,0,3.0,1,0,19.43,1,0,0.11,1,0,0.18,1,0,0.03,1,0,54.0,1,0,2853.0,1,0,73702.0,1,0,102.0,0,6,2.75,1,0,7.27,1,0,0.086,1,0
-0.9927882451625399,1,0,0.11988119229922782,1,0,95096.0,1,0,102.0,1,0,4.7,1,0,3.2,1,0,3.7,1,0,24.05,1,0,7.2,1,0,3.1,1,0,16.89,1,0,0.11,1,0,0.1,1,0,0.06,1,0,47.0,1,0,1615.0,1,0,91011.0,1,0,93.0,1,0,2.4,1,0,7.29,1,0,0.113,1,0
-0.9946998756145891,1,0,0.10282099713736025,1,0,84872.0,1,0,102.0,0,1,28.7,1,0,2.7,1,0,16.4,1,0,24.2,1,0,7.2,1,0,3.08,1,0,16.84,1,0,0.12,1,0,0.1,1,0,0.06,1,0,43.5,1,0,2200.0,1,0,76064.0,1,0,93.0,0,1,2.65,1,0,7.26,1,0,0.124,1,0
-0.9963183634476755,1,0,0.0857305001556943,1,0,60217.0,1,0,102.0,0,2,18.3,1,0,6.1,1,0,10.4,1,0,23.9,1,0,7.22,1,0,3.0,1,0,20.22,1,0,0.11,1,0,0.1,1,0,0.06,1,0,45.0,1,0,1321.0,1,0,57372.0,1,0,93.0,0,2,2.46,1,0,7.26,1,0,0.102,1,0
-0.9976432316860063,1,0,0.0686147380021341,1,0,79480.0,1,0,102.0,0,3,9.8,1,0,5.4,1,0,6.5,1,0,23.6,1,0,7.3,1,0,3.0,1,0,19.31,1,0,0.12,1,0,0.14,1,0,0.06,1,0,50.0,1,0,1325.0,1,0,71247.0,1,0,93.0,0,3,2.58,1,0,7.28,1,0,0.095,1,0
-0.9986740898848305,1,0,0.05147875477034673,1,0,70043.0,1,0,102.0,0,4,4.5,1,0,2.8,1,0,3.6,1,0,23.6,0,1,7.18,1,0,3.07,1,0,16.74,1,0,0.12,1,0,0.19,1,0,0.05,1,0,41.3,1,0,2761.0,1,0,63763.0,1,0,93.0,0,4,2.47,1,0,7.29,1,0,0.109,1,0
-0.9994106342455052,1,0,0.03432760051324382,1,0,65097.0,1,0,102.0,0,5,15.4,1,0,1.9,1,0,6.8,1,0,23.25,1,0,7.14,1,0,3.11,1,0,17.14,1,0,0.12,1,0,0.1,1,0,0.06,1,0,41.0,1,0,1074.0,1,0,58355.0,1,0,93.0,0,5,2.43,1,0,7.26,1,0,0.117,1,0
-0.9998526477050269,1,0,0.01716632975470737,1,0,69697.0,1,0,102.0,0,6,6.6,1,0,3.4,1,0,4.7,1,0,23.5,1,0,7.2,1,0,3.12,1,0,17.03,1,0,0.12,1,0,0.1,1,0,0.04,1,0,39.4,1,0,2131.0,1,0,65324.0,1,0,93.0,0,6,2.2,1,0,7.28,1,0,0.125,1,0
-1.0,1,0,1.2246467991473532e-16,1,0,85496.0,1,0,102.0,0,7,5.0,1,0,2.2,1,0,3.79,1,0,23.2,1,0,7.22,1,0,3.11,1,0,17.56,1,0,0.12,1,0,0.31,1,0,0.05,1,0,30.0,1,0,630.0,1,0,80142.0,1,0,93.0,0,7,2.41,1,0,7.29,1,0,0.124,1,0
-0.9998526477050269,1,0,-0.017166329754707124,1,0,84077.0,1,0,101.0,1,0,4.6,1,0,2.1,1,0,3.19,1,0,23.2,1,0,7.2,1,0,3.08,1,0,16.5,1,0,0.11,1,0,0.1,1,0,0.05,1,0,46.75,1,0,1524.0,1,0,77167.0,1,0,101.0,1,0,2.55,1,0,7.26,1,0,0.069,1,0
-0.9994106342455054,1,0,-0.03432760051324313,1,0,84121.0,1,0,101.0,0,1,4.9,1,0,1.9,1,0,2.98,1,0,23.4,1,0,7.24,1,0,3.09,1,0,13.77,1,0,0.11,1,0,0.26,1,0,0.05,1,0,47.4,1,0,2208.0,1,0,78363.0,1,0,101.0,0,1,2.29,1,0,7.28,1,0,0.06,1,0
-0.9986740898848305,1,0,-0.051478754770346045,1,0,78038.0,1,0,101.0,0,2,2.4,1,0,1.6,1,0,1.9,1,0,23.2,1,0,7.23,1,0,3.07,1,0,16.13,1,0,0.12,1,0,0.09,1,0,0.05,1,0,44.25,1,0,1707.0,1,0,69416.0,1,0,101.0,0,2,2.48,1,0,7.27,1,0,0.13,1,0
-0.9976432316860063,1,0,-0.06861473800213432,1,0,75595.0,1,0,101.0,0,3,2.3,1,0,1.5,1,0,1.97,1,0,23.0,1,0,7.07,1,0,3.08,1,0,16.84,1,0,0.12,1,0,0.09,1,0,0.05,1,0,36.75,1,0,2141.0,1,0,70745.0,1,0,101.0,0,3,2.54,1,0,7.23,1,0,0.12,1,0
-0.9963183634476755,1,0,-0.0857305001556945,1,0,82486.0,1,0,101.0,0,4,3.3,1,0,0.92,1,0,2.1,1,0,23.1,1,0,7.24,1,0,3.11,1,0,16.3,1,0,0.11,1,0,0.08,1,0,0.05,1,0,46.2,1,0,1711.0,1,0,75952.0,1,0,101.0,0,4,2.4,1,0,7.27,1,0,0.083,1,0
-0.9946998756145891,1,0,-0.10282099713736044,1,0,93570.0,1,0,101.0,0,5,3.6,1,0,1.5,1,0,2.26,1,0,22.9,1,0,7.23,1,0,3.11,1,0,17.27,1,0,0.12,1,0,0.09,1,0,0.05,1,0,39.5,1,0,845.0,1,0,88320.0,1,0,101.0,0,5,2.45,1,0,7.27,1,0,0.108,1,0
-0.99278824516254,1,0,-0.11988119229922714,1,0,94984.0,1,0,87.0,1,0,2.4,1,0,1.3,1,0,1.9,1,0,23.1,1,0,7.28,1,0,3.0,1,0,15.51,1,0,0.13,1,0,0.24,1,0,0.04,1,0,46.67,1,0,2577.0,1,0,89849.0,1,0,84.0,1,0,2.31,1,0,7.27,1,0,0.091,1,0
-0.990584035457797,1,0,-0.13690605792347504,1,0,75223.0,1,0,87.0,0,1,1.7,1,0,1.2,1,0,1.4,1,0,23.4,1,0,7.3,1,0,3.0,1,0,14.8,1,0,0.12,1,0,0.09,1,0,0.05,1,0,40.0,1,0,1476.0,1,0,66716.0,1,0,84.0,0,1,2.6,1,0,7.26,1,0,0.016,1,0
-0.9880878960910772,1,0,-0.15389057670406148,1,0,55939.0,1,0,87.0,0,2,3.4,1,0,1.2,1,0,1.9,1,0,23.95,1,0,7.33,1,0,3.01,1,0,15.59,1,0,0.12,1,0,0.11,1,0,0.05,1,0,49.0,1,0,1685.0,1,0,49322.0,1,0,84.0,0,2,2.57,1,0,7.29,1,0,0.117,1,0
-0.985300562686109,1,0,-0.17082974322534417,1,0,83878.0,1,0,87.0,0,3,3.5,1,0,1.7,1,0,2.59,1,0,24.2,1,0,7.36,1,0,3.13,1,0,17.39,1,0,0.12,1,0,0.1,1,0,0.05,1,0,55.0,1,0,1329.0,1,0,76526.0,1,0,84.0,0,3,2.42,1,0,7.31,1,0,0.122,1,0
-0.9822228566828407,1,0,-0.1877185654371986,1,0,78564.0,1,0,87.0,0,4,2.0,1,0,1.1,1,0,1.6,1,0,24.0,1,0,7.33,1,0,3.0,1,0,15.11,1,0,0.11,1,0,0.16,1,0,0.05,1,0,52.67,1,0,1249.0,1,0,74201.0,1,0,84.0,0,4,2.09,1,0,7.33,1,0,0.096,1,0
-0.9788556850953579,1,0,-0.20455206612620058,1,0,87443.0,1,0,87.0,0,5,3.2,1,0,1.1,1,0,2.0,1,0,24.0,1,0,7.33,1,0,3.0,1,0,16.52,1,0,0.12,1,0,0.1,1,0,0.05,1,0,46.5,1,0,1703.0,1,0,81948.0,1,0,84.0,0,5,2.29,1,0,7.33,1,0,0.132,1,0
-0.9752000402445826,1,0,-0.22132528438243218,1,0,81290.0,1,0,87.0,0,6,3.4,1,0,1.6,1,0,2.1,1,0,24.8,1,0,7.38,1,0,3.0,1,0,15.66,1,0,0.12,1,0,0.12,1,0,0.06,1,0,39.33,1,0,2603.0,1,0,73146.0,1,0,84.0,0,6,2.47,1,0,7.29,1,0,0.149,1,0
-0.9712569994658315,1,0,-0.23803327706148514,1,0,81692.0,1,0,101.0,1,0,5.9,1,0,2.3,1,0,4.2,1,0,24.7,1,0,7.36,1,0,3.12,1,0,16.6,1,0,0.12,1,0,0.12,1,0,0.06,1,0,39.0,1,0,455.0,1,0,77590.0,1,0,95.0,1,0,2.32,1,0,7.3,1,0,0.146,1,0
-0.9670277247913203,1,0,-0.254671120241229,1,0,91796.0,1,0,101.0,0,1,14.1,1,0,2.5,1,0,7.5,1,0,25.65,1,0,7.37,1,0,3.0,1,0,17.02,1,0,0.12,1,0,0.28,1,0,0.07,1,0,48.0,1,0,1727.0,1,0,86046.0,1,0,95.0,0,1,2.42,1,0,7.3,1,0,0.16,1,0
-0.9625134626077081,1,0,-0.2712339106729102,1,0,88755.0,1,0,101.0,0,2,4.3,1,0,2.6,1,0,3.3,1,0,25.0,1,0,7.34,1,0,3.07,1,0,13.62,1,0,0.12,1,0,0.11,1,0,0.06,1,0,70.0,1,0,1310.0,1,0,79139.0,1,0,95.0,0,2,2.54,1,0,7.28,1,0,0.123,1,0
-0.9577155432887803,1,0,-0.287716767226167,1,0,90356.0,1,0,101.0,0,3,6.5,1,0,2.1,1,0,3.1,1,0,24.8,1,0,7.3,1,0,3.08,1,0,15.98,1,0,0.12,1,0,0.12,1,0,0.06,1,0,50.25,1,0,2188.0,1,0,83426.0,1,0,95.0,0,3,2.53,1,0,7.28,1,0,0.149,1,0
-0.9526353808033826,1,0,-0.3041148323275178,1,0,93420.0,1,0,101.0,0,4,3.0,1,0,1.8,1,0,2.4,1,0,24.75,1,0,7.28,1,0,3.0,1,0,16.56,1,0,0.11,1,0,0.11,1,0,0.05,1,0,39.0,1,0,1697.0,1,0,86056.0,1,0,95.0,0,4,2.57,1,0,7.26,1,0,0.16,1,0
-0.947274472298717,1,0,-0.32042327339191096,1,0,91726.0,1,0,101.0,0,5,3.5,1,0,1.6,1,0,2.4,1,0,24.7,1,0,7.31,1,0,3.08,1,0,19.44,1,0,0.11,1,0,0.11,1,0,0.05,1,0,51.0,1,0,929.0,1,0,85357.0,1,0,95.0,0,5,2.51,1,0,7.26,1,0,0.115,1,0
-0.941634397659126,1,0,-0.3366372842469099,1,0,87647.0,1,0,101.0,0,6,2.6,1,0,1.8,1,0,2.3,1,0,24.4,1,0,7.3,1,0,3.0,1,0,21.69,1,0,0.12,1,0,0.12,1,0,0.05,1,0,50.0,1,0,1925.0,1,0,79110.0,1,0,95.0,0,6,2.64,1,0,7.24,1,0,0.092,1,0
-0.9357168190404936,1,0,-0.35275208654909473,1,0,66635.0,1,0,101.0,1,0,2.9,1,0,1.9,1,0,2.3,1,0,24.3,1,0,7.25,1,0,3.0,1,0,20.13,1,0,0.09,1,0,0.34,1,0,0.06,1,0,65.0,1,0,1770.0,1,0,60911.0,1,0,100.0,1,0,2.39,1,0,7.24,1,0,0.102,1,0
-0.9295234803804003,1,0,-0.36876293119226006,1,0,85692.0,1,0,101.0,0,1,3.0,1,0,1.8,1,0,2.4,1,0,24.2,1,0,7.24,1,0,3.0,1,0,21.15,1,0,0.12,1,0,0.15,1,0,0.06,1,0,44.0,1,0,420.0,1,0,78798.0,1,0,100.0,0,1,2.86,1,0,7.23,1,0,0.107,1,0
-0.9230562068841761,1,0,-0.38466509970700097,1,0,82054.0,1,0,101.0,0,2,2.9,1,0,1.6,1,0,2.1,1,0,24.65,1,0,7.29,1,0,3.0,1,0,21.37,1,0,0.12,1,0,0.26,1,0,0.06,1,0,56.0,1,0,1695.0,1,0,75004.0,1,0,100.0,0,2,2.52,1,0,7.24,1,0,0.113,1,0
-0.9163169044870049,1,0,-0.40045390565126615,1,0,91790.0,1,0,101.0,0,3,3.5,1,0,1.9,1,0,2.7,1,0,24.75,1,0,7.16,1,0,3.0,1,0,21.35,1,0,0.12,1,0,0.16,1,0,0.06,1,0,59.0,1,0,1767.0,1,0,85490.0,1,0,100.0,0,3,2.37,1,0,7.22,1,0,0.109,1,0
-0.9093075592922356,1,0,-0.4161246959914748,1,0,95991.0,1,0,101.0,0,4,3.7,1,0,1.7,1,0,2.6,1,0,24.7,1,0,7.23,1,0,3.06,1,0,20.42,1,0,0.12,1,0,0.17,1,0,0.06,1,0,53.66,1,0,1290.0,1,0,87771.0,1,0,100.0,0,4,2.46,1,0,7.26,1,0,0.107,1,0
-0.9020302369860707,1,0,-0.431672852473784,1,0,97150.0,1,0,101.0,0,5,3.0,1,0,1.9,1,0,2.5,1,0,24.85,1,0,7.22,1,0,3.08,1,0,20.78,1,0,0.11,1,0,0.2,1,0,0.07,1,0,43.5,1,0,1751.0,1,0,89727.0,1,0,100.0,0,5,2.39,1,0,7.24,1,0,0.112,1,0
-0.8944870822287955,1,0,-0.44709379298511404,1,0,94452.0,1,0,101.0,0,6,3.6,1,0,1.8,1,0,2.7,1,0,25.15,1,0,7.25,1,0,3.07,1,0,20.75,1,0,0.12,1,0,0.45,1,0,0.08,1,0,48.0,1,0,1782.0,1,0,87047.0,1,0,100.0,0,6,2.29,1,0,7.23,1,0,0.105,1,0
-0.88668031802274,1,0,-0.4623829729035149,1,0,83877.0,1,0,100.0,1,0,2.7,1,0,1.8,1,0,2.26,1,0,25.4,1,0,7.24,1,0,3.1,1,0,22.31,1,0,0.12,1,0,0.21,1,0,0.08,1,0,50.5,1,0,1373.0,1,0,75468.0,1,0,100.0,1,0,2.6,1,0,7.19,1,0,0.11,1,0
-0.8786122450571483,1,0,-0.4775358864374881,1,0,73760.0,1,0,100.0,0,1,4.7,1,0,2.2,1,0,3.54,1,0,26.1,1,0,7.24,1,0,3.08,1,0,20.36,1,0,0.11,1,0,0.19,1,0,0.09,1,0,44.4,1,0,2375.0,1,0,64010.0,1,0,100.0,0,1,2.49,1,0,7.23,1,0,0.121,1,0
-0.8702852410301554,1,0,-0.4925480679538642,1,0,84744.0,1,0,100.0,0,2,4.5,1,0,2.0,1,0,3.3,1,0,25.5,1,0,7.23,1,0,3.09,1,0,20.08,1,0,0.11,1,0,0.22,1,0,0.08,1,0,42.0,1,0,429.0,1,0,78382.0,1,0,100.0,0,2,2.19,1,0,7.22,1,0,0.105,1,0
-0.8617017599480683,1,0,-0.5074150932938452,1,0,87681.0,1,0,100.0,0,3,3.3,1,0,2.0,1,0,2.6,1,0,25.5,1,0,7.23,1,0,3.07,1,0,21.37,1,0,0.12,1,0,0.21,1,0,0.08,1,0,53.4,1,0,2089.0,1,0,82384.0,1,0,100.0,0,3,2.4,1,0,7.22,1,0,0.111,1,0
-0.8528643314021597,1,0,-0.5221325810768248,1,0,72500.0,1,0,100.0,0,4,3.9,1,0,3.0,1,0,3.42,1,0,25.7,1,0,7.22,1,0,3.12,1,0,20.71,1,0,0.12,1,0,0.2,1,0,0.09,1,0,51.6,1,0,1705.0,1,0,65788.0,1,0,100.0,0,4,2.8,1,0,7.23,1,0,0.145,1,0
-0.8437755598231858,1,0,-0.5366961939916003,1,0,92249.0,1,0,100.0,0,5,4.3,1,0,2.9,1,0,3.5,1,0,25.5,1,0,7.3,1,0,3.1,1,0,20.62,1,0,0.11,1,0,0.23,1,0,0.1,1,0,49.75,1,0,1282.0,1,0,83659.0,1,0,100.0,0,5,2.64,1,0,7.24,1,0,0.124,1,0
-0.8344381237138474,1,0,-0.5511016400745998,1,0,89116.0,1,0,100.0,0,6,3.9,1,0,2.2,1,0,3.1,1,0,25.45,1,0,7.29,1,0,3.07,1,0,21.34,1,0,0.12,1,0,0.24,1,0,0.1,1,0,40.66,1,0,1715.0,1,0,82187.0,1,0,100.0,0,6,2.59,1,0,7.24,1,0,0.144,1,0
-0.8248547748594246,1,0,-0.5653446739747425,1,0,79883.0,1,0,100.0,0,7,3.2,1,0,2.2,1,0,2.7,1,0,25.8,1,0,7.28,1,0,3.08,1,0,19.87,1,0,0.11,1,0,0.25,1,0,0.08,1,0,46.8,1,0,1770.0,1,0,72331.0,1,0,100.0,0,7,2.78,1,0,7.22,1,0,0.128,1,0
-0.8150283375168114,1,0,-0.5794210982045637,1,0,58631.0,1,0,87.0,1,0,3.2,1,0,2.4,1,0,2.7,1,0,25.35,1,0,7.18,1,0,3.06,1,0,20.24,1,0,0.12,1,0,0.21,1,0,0.09,1,0,50.5,1,0,2150.0,1,0,48851.0,1,0,82.0,1,0,3.49,1,0,7.22,1,0,0.135,1,0
-0.8049617075821958,1,0,-0.5933267643772321,1,0,81486.0,1,0,87.0,0,1,5.5,1,0,2.6,1,0,3.68,1,0,24.9,1,0,7.3,1,0,3.14,1,0,22.11,1,0,0.14,1,0,0.21,1,0,0.09,1,0,46.5,1,0,905.0,1,0,75237.0,1,0,82.0,0,1,3.17,1,0,7.21,1,0,0.132,1,0
-0.794657851737625,1,0,-0.6070575744291004,1,0,70583.0,1,0,87.0,0,2,3.8,1,0,2.9,1,0,3.17,1,0,24.6,1,0,7.29,1,0,3.08,1,0,20.06,1,0,0.12,1,0,0.23,1,0,0.1,1,0,45.25,1,0,1656.0,1,0,64175.0,1,0,82.0,0,2,2.6,1,0,7.2,1,0,0.2,1,0
-0.7841198065767104,1,0,-0.6206094818274228,1,0,83072.0,1,0,87.0,0,3,3.6,1,0,2.3,1,0,2.9,1,0,24.6,1,0,7.22,1,0,3.4,1,0,18.59,1,0,0.11,1,0,0.59,1,0,0.1,1,0,47.33,1,0,1584.0,1,0,73852.0,1,0,82.0,0,3,2.69,1,0,7.18,1,0,0.121,1,0
-0.77335067770973,1,0,-0.6339784927628865,1,0,80270.0,1,0,87.0,0,4,7.4,1,0,3.0,1,0,5.2,1,0,24.5,1,0,7.25,1,0,3.6,1,0,18.71,1,0,0.12,1,0,0.28,1,0,0.09,1,0,49.2,1,0,3064.0,1,0,73990.0,1,0,82.0,0,4,2.77,1,0,7.22,1,0,0.11,1,0
-0.7623536388483905,1,0,-0.6471606673266059,1,0,80221.0,1,0,87.0,0,5,8.3,1,0,4.9,1,0,6.1,1,0,24.1,1,0,7.23,1,0,3.61,1,0,19.25,1,0,0.12,1,0,0.26,1,0,0.1,1,0,48.0,1,0,1823.0,1,0,71070.0,1,0,82.0,0,5,2.82,1,0,7.22,1,0,0.1,1,0
-0.7511319308705201,1,0,-0.6601521206712315,1,0,87567.0,1,0,86.0,1,0,5.5,1,0,3.2,1,0,4.6,1,0,23.45,1,0,7.25,1,0,3.5,1,0,18.94,1,0,0.12,1,0,0.4,1,0,0.12,1,0,46.0,1,0,4031.0,1,0,80626.0,1,0,83.0,1,0,2.85,1,0,7.2,1,0,0.081,1,0
-0.7396888608649671,1,0,-0.6729490241558326,1,0,96813.0,1,0,86.0,0,1,4.1,1,0,2.8,1,0,3.5,1,0,23.75,1,0,7.29,1,0,3.5,1,0,19.21,1,0,0.12,1,0,0.34,1,0,0.13,1,0,30.0,1,0,1819.0,1,0,85766.0,1,0,83.0,0,1,2.86,1,0,7.2,1,0,0.099,1,0
-0.7280278011569848,1,0,-0.6855476064742154,1,0,94355.0,1,0,86.0,0,2,3.4,1,0,2.8,1,0,3.2,1,0,23.8,1,0,7.28,1,0,3.24,1,0,19.7,1,0,0.13,1,0,0.31,1,0,0.11,1,0,46.0,1,0,2851.0,1,0,83007.0,1,0,83.0,0,2,2.74,1,0,7.2,1,0,0.095,1,0
-0.7161521883143935,1,0,-0.6979441547663433,1,0,88154.0,1,0,86.0,0,3,3.9,1,0,2.8,1,0,3.3,1,0,24.0,1,0,7.24,1,0,3.22,1,0,19.23,1,0,0.13,1,0,0.26,1,0,0.11,1,0,45.0,1,0,2673.0,1,0,77979.0,1,0,83.0,0,3,2.67,1,0,7.21,1,0,0.113,1,0
-0.7040655221348059,1,0,-0.7101350157125356,1,0,78207.0,1,0,86.0,0,4,5.4,1,0,2.7,1,0,3.9,1,0,24.7,1,0,7.28,1,0,3.22,1,0,19.79,1,0,0.13,1,0,0.28,1,0,0.17,1,0,45.0,1,0,2439.0,1,0,66885.0,1,0,83.0,0,4,2.92,1,0,7.2,1,0,0.133,1,0
-0.691771364614222,1,0,-0.7221165966101161,1,0,76620.0,1,0,86.0,0,5,8.4,1,0,3.0,1,0,5.7,1,0,24.8,1,0,7.34,1,0,3.5,1,0,19.81,1,0,0.14,1,0,0.29,1,0,0.12,1,0,46.0,1,0,2457.0,1,0,64821.0,1,0,83.0,0,5,2.98,1,0,7.21,1,0,0.128,1,0
-0.6792733388972929,1,0,-0.7338853664321993,1,0,73864.0,1,0,86.0,0,6,5.7,1,0,4.0,1,0,4.7,1,0,24.6,1,0,7.27,1,0,3.5,1,0,19.55,1,0,0.13,1,0,0.31,1,0,0.13,1,0,50.0,1,0,1846.0,1,0,62562.0,1,0,83.0,0,6,2.73,1,0,7.23,1,0,0.109,1,0
-0.6665751282095631,1,0,-0.7454378568683003,1,0,77645.0,1,0,100.0,1,0,5.2,1,0,3.5,1,0,4.3,1,0,24.35,1,0,7.36,1,0,3.61,1,0,16.89,1,0,0.13,1,0,0.31,1,0,0.14,1,0,40.0,1,0,2416.0,1,0,70610.0,1,0,100.0,1,0,2.82,1,0,7.22,1,0,0.102,1,0
-0.653680474772006,1,0,-0.7567706633464625,1,0,81770.0,1,0,100.0,0,1,5.1,1,0,3.3,1,0,3.8,1,0,23.7,1,0,7.3,1,0,3.6,1,0,16.22,1,0,0.14,1,0,0.45,1,0,0.14,1,0,44.8,1,0,3734.0,1,0,71875.0,1,0,100.0,0,1,2.82,1,0,7.22,1,0,0.129,1,0
-0.6405931786981752,1,0,-0.7678804460366,1,0,85666.0,1,0,100.0,0,2,14.3,1,0,3.5,1,0,5.4,1,0,23.1,1,0,7.29,1,0,3.5,1,0,16.0,1,0,0.15,1,0,0.27,1,0,0.12,1,0,32.0,1,0,2453.0,1,0,80750.0,1,0,100.0,0,2,2.55,1,0,7.22,1,0,0.209,1,0
-0.627317096874294,1,0,-0.7787639308347605,1,0,95871.0,1,0,100.0,0,3,4.9,1,0,3.4,1,0,4.0,1,0,22.75,1,0,7.31,1,0,3.5,1,0,16.91,1,0,0.13,1,0,0.4,1,0,0.12,1,0,35.0,1,0,4021.0,1,0,81862.0,1,0,100.0,0,3,2.89,1,0,7.22,1,0,0.108,1,0
-0.6138561418226122,1,0,-0.7894179103280194,1,0,98588.0,1,0,100.0,0,4,4.5,1,0,3.3,1,0,3.8,1,0,23.1,1,0,7.28,1,0,3.59,1,0,15.4,1,0,0.13,1,0,0.33,1,0,0.11,1,0,32.0,1,0,2886.0,1,0,82625.0,1,0,100.0,0,4,2.83,1,0,7.2,1,0,0.104,1,0
-0.6002142805483686,1,0,-0.7998392447397191,1,0,97325.0,1,0,100.0,0,5,4.9,1,0,2.8,1,0,3.9,1,0,22.8,1,0,7.28,1,0,3.58,1,0,16.2,1,0,0.14,1,0,0.32,1,0,0.1,1,0,33.0,1,0,2779.0,1,0,81846.0,1,0,100.0,0,5,2.76,1,0,7.21,1,0,0.135,1,0
-0.5863955333706962,1,0,-0.8100248628547748,1,0,84489.0,1,0,100.0,0,6,4.8,1,0,3.0,1,0,3.8,1,0,23.1,1,0,7.27,1,0,3.6,1,0,16.92,1,0,0.14,1,0,0.33,1,0,0.12,1,0,32.0,1,0,4565.0,1,0,71889.0,1,0,100.0,0,6,2.87,1,0,7.22,1,0,0.155,1,0
-0.5724039727378154,1,0,-0.8199717629247767,1,0,89600.0,1,0,86.0,1,0,4.8,1,0,2.8,1,0,3.79,1,0,23.45,1,0,7.33,1,0,3.62,1,0,19.22,1,0,0.14,1,0,0.38,1,0,0.16,1,0,39.25,1,0,2049.0,1,0,81291.0,1,0,83.0,1,0,2.76,1,0,7.22,1,0,0.146,1,0
-0.5582437220268655,1,0,-0.8296770135526185,1,0,96469.0,1,0,86.0,0,1,4.3,1,0,3.5,1,0,3.86,1,0,23.55,1,0,7.3,1,0,3.56,1,0,18.53,1,0,0.13,1,0,0.36,1,0,0.17,1,0,29.1,1,0,4790.0,1,0,78307.0,1,0,83.0,0,1,3.04,1,0,7.21,1,0,0.114,1,0
-0.5439189543287248,1,0,-0.8391377545563938,1,0,75977.0,1,0,86.0,0,2,6.7,1,0,2.9,1,0,3.8,1,0,23.1,1,0,7.29,1,0,3.59,1,0,18.26,1,0,0.13,1,0,0.37,1,0,0.16,1,0,28.83,1,0,3585.0,1,0,62829.0,1,0,83.0,0,2,2.83,1,0,7.2,1,0,0.105,1,0
-0.5294338912181854,1,0,-0.8483511978123038,1,0,69643.0,1,0,86.0,0,3,6.1,1,0,3.2,1,0,4.5,1,0,22.9,1,0,7.29,1,0,3.63,1,0,19.1,1,0,0.14,1,0,0.28,1,0,0.13,1,0,31.75,1,0,2889.0,1,0,63896.0,1,0,83.0,0,3,2.82,1,0,7.19,1,0,0.09,1,0
-0.514792801509831,1,0,-0.8573146280763322,1,0,88481.0,1,0,86.0,0,4,5.0,1,0,3.4,1,0,4.12,1,0,23.85,1,0,7.27,1,0,3.64,1,0,19.88,1,0,0.14,1,0,0.38,1,0,0.16,1,0,37.2,1,0,3503.0,1,0,77369.0,1,0,83.0,0,4,3.24,1,0,7.2,1,0,0.113,1,0
-0.5000000000000004,1,0,-0.8660254037844385,1,0,82758.0,1,0,86.0,0,5,3.8,1,0,2.9,1,0,3.28,1,0,23.7,1,0,7.28,1,0,3.55,1,0,17.8,1,0,0.14,1,0,0.34,1,0,0.13,1,0,29.5,1,0,3126.0,1,0,69064.0,1,0,83.0,0,5,2.94,1,0,7.21,1,0,0.109,1,0
-0.4850598461951967,1,0,-0.8744809578310394,1,0,80146.0,1,0,86.0,0,6,4.2,1,0,2.9,1,0,3.49,1,0,23.95,1,0,7.25,1,0,3.64,1,0,20.52,1,0,0.15,1,0,0.26,1,0,0.13,1,0,28.25,1,0,2913.0,1,0,69925.0,1,0,83.0,0,6,2.72,1,0,7.19,1,0,0.105,1,0
-0.4699767430273199,1,0,-0.8826787983255475,1,0,84201.0,1,0,86.0,0,7,5.6,1,0,2.7,1,0,3.6,1,0,23.65,1,0,7.27,1,0,3.5,1,0,21.4,1,0,0.16,1,0,0.27,1,0,0.14,1,0,41.2,1,0,3050.0,1,0,75568.0,1,0,83.0,0,7,2.69,1,0,7.17,1,0,0.104,1,0
-0.45475513555610575,1,0,-0.8906165093267404,1,0,83731.0,1,0,88.0,1,0,4.4,1,0,2.8,1,0,3.5,1,0,23.0,1,0,7.25,1,0,3.5,1,0,20.32,1,0,0.15,1,0,0.29,1,0,0.11,1,0,32.2,1,0,3042.0,1,0,76304.0,1,0,82.0,1,0,2.79,1,0,7.2,1,0,0.089,1,0
-0.43939950965914165,1,0,-0.8982917515547529,1,0,90616.0,1,0,88.0,0,1,3.9,1,0,2.9,1,0,3.24,1,0,22.95,1,0,7.22,1,0,3.6,1,0,18.46,1,0,0.15,1,0,0.31,1,0,0.12,1,0,34.4,1,0,3637.0,1,0,79370.0,1,0,82.0,0,1,3.02,1,0,7.18,1,0,0.095,1,0
-0.42391439070986087,1,0,-0.9057022630804714,1,0,88429.0,1,0,88.0,0,2,5.6,1,0,2.8,1,0,3.89,1,0,23.1,1,0,7.23,1,0,3.59,1,0,16.33,1,0,0.14,1,0,0.33,1,0,0.12,1,0,34.1,1,0,2853.0,1,0,80302.0,1,0,82.0,0,2,2.52,1,0,7.19,1,0,0.09,1,0
-0.40830434224389367,1,0,-0.9128458599921354,1,0,70993.0,1,0,88.0,0,3,5.3,1,0,3.2,1,0,3.6,1,0,23.3,1,0,7.24,1,0,3.5,1,0,15.51,1,0,0.14,1,0,0.23,1,0,0.11,1,0,32.7,1,0,4107.0,1,0,59708.0,1,0,82.0,0,3,2.82,1,0,7.18,1,0,0.093,1,0
-0.3925739646141714,1,0,-0.9197204370389468,1,0,68076.0,1,0,88.0,0,4,3.7,1,0,2.8,1,0,3.2,1,0,22.75,1,0,7.24,1,0,3.5,1,0,17.09,1,0,0.16,1,0,0.21,1,0,0.11,1,0,31.6,1,0,3059.0,1,0,59837.0,1,0,82.0,0,4,2.91,1,0,7.2,1,0,0.09,1,0
-0.3767278936351848,1,0,-0.9263239682514951,1,0,80460.0,1,0,88.0,0,5,5.0,1,0,2.8,1,0,3.6,1,0,21.8,1,0,7.29,1,0,3.5,1,0,16.67,1,0,0.15,1,0,0.24,1,0,0.1,1,0,34.0,1,0,2999.0,1,0,72971.0,1,0,82.0,0,5,2.82,1,0,7.2,1,0,0.103,1,0
-0.3607707992167831,1,0,-0.9326545075388225,1,0,85810.0,1,0,87.0,1,0,16.0,1,0,3.7,1,0,8.29,1,0,21.45,1,0,7.28,1,0,3.59,1,0,17.0,1,0,0.16,1,0,0.29,1,0,0.11,1,0,32.8,1,0,3277.0,1,0,79545.0,1,0,83.0,1,0,2.88,1,0,7.19,1,0,0.087,1,0
-0.3447073839879337,1,0,-0.9387101892619443,1,0,84621.0,1,0,87.0,0,1,5.1,1,0,3.4,1,0,4.15,1,0,21.35,1,0,7.34,1,0,3.61,1,0,16.02,1,0,0.15,1,0,0.29,1,0,0.1,1,0,34.5,1,0,2641.0,1,0,74940.0,1,0,83.0,0,1,2.8,1,0,7.25,1,0,0.082,1,0
-0.32854238191083474,1,0,-0.9444892287836613,1,0,83139.0,1,0,87.0,0,2,3.9,1,0,3.1,1,0,3.5,1,0,21.3,1,0,7.28,1,0,3.5,1,0,15.6,1,0,0.13,1,0,0.47,1,0,0.11,1,0,35.1,1,0,3665.0,1,0,73648.0,1,0,83.0,0,2,2.57,1,0,7.2,1,0,0.055,1,0
-0.3122805568857948,1,0,-0.9499899229945009,1,0,84150.0,1,0,87.0,0,3,3.6,1,0,2.3,1,0,3.0,1,0,21.9,1,0,7.28,1,0,1.94,1,0,15.41,1,0,0.15,1,0,0.27,1,0,0.11,1,0,35.0,1,0,3302.0,1,0,76336.0,1,0,83.0,0,3,2.58,1,0,7.2,1,0,0.098,1,0
-0.29592670134728966,1,0,-0.9552106508146316,1,0,91785.0,1,0,87.0,0,4,3.3,1,0,2.3,1,0,2.7,1,0,22.54,1,0,7.34,1,0,3.5,1,0,15.25,1,0,0.13,1,0,0.24,1,0,0.1,1,0,24.0,1,0,4298.0,1,0,80708.0,1,0,83.0,0,4,1.47,1,0,7.21,1,0,0.088,1,0
-0.2794856348516098,1,0,-0.9601498736716017,1,0,86305.0,1,0,87.0,0,5,3.7,1,0,2.1,1,0,2.8,1,0,22.6,1,0,7.36,1,0,3.5,1,0,15.88,1,0,0.14,1,0,0.29,1,0,0.1,1,0,29.0,1,0,2431.0,1,0,78838.0,1,0,83.0,0,5,2.73,1,0,7.23,1,0,0.131,1,0
-0.2629622026565152,1,0,-0.9648061359537644,1,0,86419.0,1,0,87.0,0,6,3.3,1,0,2.0,1,0,2.7,1,0,22.65,1,0,7.3,1,0,3.5,1,0,14.84,1,0,0.15,1,0,0.27,1,0,0.11,1,0,39.0,1,0,3255.0,1,0,78956.0,1,0,83.0,0,6,2.61,1,0,7.2,1,0,0.11,1,0
-0.24636127429331536,1,0,-0.9691780654392534,1,0,86755.0,1,0,86.0,1,0,3.8,1,0,2.2,1,0,2.9,1,0,22.7,1,0,7.3,1,0,3.5,1,0,14.44,1,0,0.14,1,0,0.25,1,0,0.1,1,0,39.0,1,0,2657.0,1,0,79063.0,1,0,84.0,1,0,2.7,1,0,7.2,1,0,0.08,1,0
-0.2296877421317963,1,0,-0.9732643737003823,1,0,86960.0,1,0,86.0,0,1,3.3,1,0,2.4,1,0,2.7,1,0,22.55,1,0,7.26,1,0,3.45,1,0,14.24,1,0,0.14,1,0,0.33,1,0,0.09,1,0,38.0,1,0,2764.0,1,0,78850.0,1,0,84.0,0,1,2.76,1,0,7.18,1,0,0.087,1,0
-0.21294651993841573,1,0,-0.9770638564833508,1,0,84523.0,1,0,86.0,0,2,6.5,1,0,2.4,1,0,3.2,1,0,22.6,1,0,7.23,1,0,3.5,1,0,15.34,1,0,0.14,1,0,0.25,1,0,0.09,1,0,39.0,1,0,2457.0,1,0,77273.0,1,0,84.0,0,2,2.65,1,0,7.18,1,0,0.085,1,0
-0.19614254142819712,1,0,-0.9805753940631429,1,0,85915.0,1,0,86.0,0,3,3.6,1,0,2.2,1,0,2.4,1,0,22.8,1,0,7.22,1,0,3.5,1,0,14.24,1,0,0.14,1,0,0.3,1,0,0.1,1,0,42.0,1,0,2909.0,1,0,78111.0,1,0,84.0,0,3,2.74,1,0,7.16,1,0,0.083,1,0
-0.1792807588107359,1,0,-0.9837979515735163,1,0,80984.0,1,0,86.0,0,4,3.2,1,0,2.2,1,0,2.5,1,0,22.95,1,0,7.25,1,0,3.5,1,0,14.38,1,0,0.15,1,0,0.24,1,0,0.1,1,0,36.0,1,0,3117.0,1,0,71237.0,1,0,84.0,0,4,2.87,1,0,7.19,1,0,0.095,1,0
-0.16236614133076413,1,0,-0.9867305793119814,1,0,85238.0,1,0,86.0,0,5,3.2,1,0,2.3,1,0,2.7,1,0,22.9,1,0,7.24,1,0,3.5,1,0,14.52,1,0,0.15,1,0,0.28,1,0,0.1,1,0,38.0,1,0,2812.0,1,0,76375.0,1,0,84.0,0,5,2.84,1,0,7.19,1,0,0.148,1,0
-0.14540367380369032,1,0,-0.9893724130196829,1,0,68777.0,1,0,86.0,0,6,3.3,1,0,2.1,1,0,2.6,1,0,22.8,1,0,7.31,1,0,3.5,1,0,14.35,1,0,0.15,1,0,0.22,1,0,0.09,1,0,43.0,1,0,2287.0,1,0,63747.0,1,0,84.0,0,6,2.68,1,0,7.19,1,0,0.129,1,0
-0.12839835514655154,1,0,-0.9917226741361014,1,0,67114.0,1,0,83.0,1,0,7.7,1,0,2.4,1,0,3.42,1,0,22.95,1,0,7.25,1,0,3.62,1,0,14.04,1,0,0.18,1,0,0.5,1,0,0.1,1,0,41.25,1,0,2429.0,1,0,60021.0,1,0,81.0,1,0,3.02,1,0,7.19,1,0,0.093,1,0
-0.11135519690480865,1,0,-0.9937806700284985,1,0,61433.0,1,0,83.0,0,1,3.9,1,0,2.1,1,0,2.85,1,0,22.65,1,0,7.29,1,0,3.62,1,0,12.57,1,0,0.17,1,0,0.18,1,0,0.07,1,0,37.6,1,0,2879.0,1,0,53996.0,1,0,81.0,0,1,2.83,1,0,7.21,1,0,0.092,1,0
-0.09427922177542443,1,0,-0.9955457941960382,1,0,69793.0,1,0,83.0,0,2,3.6,1,0,2.6,1,0,2.96,1,0,22.45,1,0,7.32,1,0,3.64,1,0,13.32,1,0,0.18,1,0,0.2,1,0,0.09,1,0,33.3,1,0,1833.0,1,0,62695.0,1,0,81.0,0,2,2.77,1,0,7.23,1,0,0.078,1,0
-0.07717546212664643,1,0,-0.9970175264485267,1,0,62067.0,1,0,83.0,0,3,3.9,1,0,3.0,1,0,3.3,1,0,22.2,1,0,7.32,1,0,3.5,1,0,12.44,1,0,0.16,1,0,0.21,1,0,0.07,1,0,39.4,1,0,2866.0,1,0,56021.0,1,0,81.0,0,3,2.52,1,0,7.23,1,0,0.079,1,0
-0.06004895851494849,1,0,-0.998195433059714,1,0,70480.0,1,0,83.0,0,4,7.7,1,0,3.2,1,0,7.34,1,0,21.8,1,0,7.3,1,0,3.6,1,0,12.78,1,0,0.17,1,0,0.24,1,0,0.07,1,0,44.5,1,0,2451.0,1,0,59144.0,1,0,81.0,0,4,2.84,1,0,7.21,1,0,0.139,1,0
-0.04290475819955383,1,0,-0.9990791668951153,1,0,58982.0,1,0,83.0,0,5,8.4,1,0,2.4,1,0,6.03,1,0,21.5,1,0,7.22,1,0,3.63,1,0,12.85,1,0,0.18,1,0,0.25,1,0,0.08,1,0,45.0,1,0,2287.0,1,0,51826.0,1,0,81.0,0,5,2.64,1,0,7.23,1,0,0.128,1,0
-0.025747913654988113,1,0,-0.9996684675143132,1,0,56249.0,1,0,83.0,0,6,5.9,1,0,3.8,1,0,4.62,1,0,21.35,1,0,7.32,1,0,3.63,1,0,12.2,1,0,0.17,1,0,0.23,1,0,0.09,1,0,39.0,1,0,2143.0,1,0,49927.0,1,0,81.0,0,6,2.61,1,0,7.22,1,0,0.075,1,0
-0.008583481082086734,1,0,-0.9999631612477099,1,0,64648.0,1,0,83.0,0,7,6.5,1,0,3.7,1,0,4.6,1,0,21.45,1,0,7.25,1,0,3.5,1,0,11.72,1,0,0.16,1,0,0.25,1,0,0.08,1,0,44.0,1,0,1373.0,1,0,60107.0,1,0,81.0,0,7,2.4,1,0,7.22,1,0,0.083,1,0
0.008583481082087254,1,0,-0.9999631612477099,1,0,60996.0,1,0,89.0,1,0,4.8,1,0,3.7,1,0,4.3,1,0,21.4,1,0,7.26,1,0,3.5,1,0,12.9,1,0,0.18,1,0,0.18,1,0,0.07,1,0,47.0,1,0,2398.0,1,0,54613.0,1,0,86.0,1,0,2.66,1,0,7.25,1,0,0.053,1,0
0.025747913654988634,1,0,-0.999668467514313,1,0,74174.0,1,0,89.0,0,1,6.5,1,0,3.9,1,0,4.68,1,0,21.25,1,0,7.29,1,0,3.65,1,0,12.92,1,0,0.18,1,0,0.3,1,0,0.08,1,0,47.75,1,0,2272.0,1,0,69575.0,1,0,86.0,0,1,2.59,1,0,7.25,1,0,0.054,1,0
0.04290475819955435,1,0,-0.9990791668951153,1,0,78810.0,1,0,89.0,0,2,11.6,1,0,4.6,1,0,7.84,1,0,20.75,1,0,7.37,1,0,3.61,1,0,12.7,1,0,0.17,1,0,0.25,1,0,0.08,1,0,33.0,1,0,2983.0,1,0,70222.0,1,0,86.0,0,2,2.61,1,0,7.26,1,0,0.066,1,0
0.06004895851494813,1,0,-0.998195433059714,1,0,75258.0,1,0,89.0,0,3,5.6,1,0,3.6,1,0,4.3,1,0,20.5,1,0,7.29,1,0,3.5,1,0,12.16,1,0,0.14,1,0,0.26,1,0,0.07,1,0,42.0,1,0,2263.0,1,0,60191.0,1,0,86.0,0,3,2.45,1,0,7.26,1,0,0.065,1,0
0.07717546212664607,1,0,-0.9970175264485267,1,0,86805.0,1,0,89.0,0,4,5.9,1,0,2.9,1,0,4.2,1,0,20.2,1,0,7.26,1,0,3.5,1,0,13.18,1,0,0.13,1,0,0.24,1,0,0.07,1,0,48.0,1,0,2430.0,1,0,70110.0,1,0,86.0,0,4,2.67,1,0,7.18,1,0,0.05,1,0
0.09427922177542405,1,0,-0.9955457941960382,1,0,83612.0,1,0,89.0,0,5,30.6,1,0,5.6,1,0,17.4,1,0,20.0,1,0,7.24,1,0,3.5,1,0,13.0,1,0,0.14,1,0,0.4,1,0,0.07,1,0,42.6,1,0,2869.0,1,0,67254.0,1,0,86.0,0,5,2.53,1,0,7.19,1,0,0.066,1,0
0.11135519690480827,1,0,-0.9937806700284985,1,0,74324.0,1,0,90.0,1,0,9.0,1,0,4.6,1,0,6.8,1,0,19.5,1,0,7.22,1,0,3.5,1,0,14.62,1,0,0.16,1,0,0.32,1,0,0.09,1,0,37.0,1,0,1227.0,1,0,66576.0,1,0,86.0,1,0,2.54,1,0,7.19,1,0,0.1,1,0
0.1283983551465503,1,0,-0.9917226741361016,1,0,80596.0,1,0,90.0,0,1,6.9,1,0,4.0,1,0,5.1,1,0,19.15,1,0,7.22,1,0,3.5,1,0,10.65,1,0,0.16,1,0,0.28,1,0,0.08,1,0,49.0,1,0,2854.0,1,0,70152.0,1,0,86.0,0,1,2.44,1,0,7.22,1,0,0.056,1,0
0.14540367380368996,1,0,-0.9893724130196829,1,0,71232.0,1,0,90.0,0,2,4.8,1,0,3.0,1,0,3.8,1,0,18.9,1,0,7.24,1,0,3.5,1,0,13.65,1,0,0.16,1,0,0.24,1,0,0.07,1,0,40.4,1,0,3055.0,1,0,64661.0,1,0,86.0,0,2,2.28,1,0,7.27,1,0,0.057,1,0
0.16236614133076377,1,0,-0.9867305793119814,1,0,66448.0,1,0,90.0,0,3,4.3,1,0,3.2,1,0,3.7,1,0,18.1,1,0,7.28,1,0,3.3,1,0,13.77,1,0,0.16,1,0,0.31,1,0,0.08,1,0,42.6,1,0,2094.0,1,0,62176.0,1,0,86.0,0,3,2.32,1,0,7.29,1,0,0.051,1,0
0.17928075881073555,1,0,-0.9837979515735163,1,0,70355.0,1,0,90.0,0,4,14.4,1,0,2.8,1,0,7.9,1,0,18.05,1,0,7.26,1,0,3.5,1,0,13.62,1,0,0.15,1,0,0.27,1,0,0.06,1,0,40.0,1,0,2073.0,1,0,61775.0,1,0,86.0,0,4,2.5,1,0,7.24,1,0,0.055,1,0
0.19614254142819676,1,0,-0.980575394063143,1,0,64126.0,1,0,90.0,0,5,11.4,1,0,3.6,1,0,6.5,1,0,17.85,1,0,7.29,1,0,3.21,1,0,12.71,1,0,0.17,1,0,0.23,1,0,0.07,1,0,43.0,1,0,2807.0,1,0,58318.0,1,0,86.0,0,5,2.31,1,0,7.25,1,0,0.051,1,0
0.21294651993841537,1,0,-0.9770638564833509,1,0,42750.0,1,0,90.0,0,6,4.5,1,0,2.9,1,0,3.7,1,0,17.65,1,0,7.25,1,0,3.0,1,0,14.05,1,0,0.16,1,0,0.26,1,0,0.06,1,0,52.0,1,0,1822.0,1,0,35806.0,1,0,86.0,0,6,2.75,1,0,7.25,1,0,0.051,1,0
0.22968774213179508,1,0,-0.9732643737003827,1,0,50337.0,1,0,90.0,0,7,16.1,1,0,3.9,1,0,10.3,1,0,17.1,1,0,7.22,1,0,3.0,1,0,13.64,1,0,0.15,1,0,0.15,1,0,0.06,1,0,53.3,1,0,1217.0,1,0,44510.0,1,0,86.0,0,7,2.39,1,0,7.21,1,0,0.046,1,0
0.24636127429331414,1,0,-0.9691780654392538,1,0,54685.0,1,0,89.0,1,0,4.3,1,0,2.9,1,0,3.8,1,0,16.5,1,0,7.26,1,0,3.0,1,0,14.64,1,0,0.15,1,0,0.12,1,0,0.05,1,0,53.0,1,0,1376.0,1,0,48846.0,1,0,84.0,1,0,2.48,1,0,7.25,1,0,0.037,1,0
0.262962202656514,1,0,-0.9648061359537647,1,0,58082.0,1,0,89.0,0,1,3.6,1,0,2.9,1,0,3.2,1,0,15.9,1,0,7.26,1,0,3.0,1,0,14.77,1,0,0.17,1,0,2.0,1,0,0.05,1,0,44.0,1,0,1275.0,1,0,51137.0,1,0,84.0,0,1,2.44,1,0,7.23,1,0,0.049,1,0
0.2794856348516095,1,0,-0.9601498736716018,1,0,59199.0,1,0,89.0,0,2,3.6,1,0,2.6,1,0,3.1,1,0,15.35,1,0,7.26,1,0,3.0,1,0,14.74,1,0,0.14,1,0,0.27,1,0,0.05,1,0,58.0,1,0,2154.0,1,0,54005.0,1,0,84.0,0,2,2.29,1,0,7.26,1,0,0.046,1,0
0.2959267013472893,1,0,-0.9552106508146317,1,0,60610.0,1,0,89.0,0,3,4.6,1,0,2.8,1,0,3.6,1,0,15.5,1,0,7.24,1,0,3.0,1,0,13.68,1,0,0.15,1,0,0.13,1,0,0.05,1,0,53.75,1,0,2430.0,1,0,53160.0,1,0,84.0,0,3,2.34,1,0,7.21,1,0,0.052,1,0
0.3122805568857945,1,0,-0.9499899229945011,1,0,57238.0,1,0,89.0,0,4,4.2,1,0,2.8,1,0,3.3,1,0,15.4,1,0,7.19,1,0,3.0,1,0,14.99,1,0,0.16,1,0,0.13,1,0,0.05,1,0,42.7,1,0,1632.0,1,0,51707.0,1,0,84.0,0,4,2.34,1,0,7.2,1,0,0.043,1,0
0.3285423819108344,1,0,-0.9444892287836614,1,0,58082.0,1,0,89.0,0,5,4.8,1,0,3.0,1,0,3.7,1,0,15.75,1,0,7.22,1,0,3.0,1,0,14.03,1,0,0.15,1,0,0.12,1,0,0.06,1,0,40.75,1,0,2677.0,1,0,51646.0,1,0,84.0,0,5,2.34,1,0,7.17,1,0,0.052,1,0
0.3447073839879342,1,0,-0.938710189261944,1,0,62003.0,1,0,90.0,1,0,7.2,1,0,3.1,1,0,4.64,1,0,15.95,1,0,7.27,1,0,3.13,1,0,15.68,1,0,0.16,1,0,0.18,1,0,0.07,1,0,45.3,1,0,1838.0,1,0,55910.0,1,0,86.0,1,0,2.6,1,0,7.19,1,0,0.042,1,0
0.3607707992167836,1,0,-0.9326545075388223,1,0,59710.0,1,0,90.0,0,1,4.0,1,0,3.0,1,0,3.46,1,0,15.85,1,0,7.27,1,0,3.12,1,0,13.41,1,0,0.15,1,0,0.44,1,0,0.06,1,0,45.75,1,0,2159.0,1,0,54339.0,1,0,86.0,0,1,2.24,1,0,7.18,1,0,0.041,1,0
0.3767278936351853,1,0,-0.9263239682514949,1,0,58473.0,1,0,90.0,0,2,15.8,1,0,3.52,1,0,8.7,1,0,16.0,1,0,7.36,1,0,3.11,1,0,12.96,1,0,0.14,1,0,0.14,1,0,0.06,1,0,46.25,1,0,2439.0,1,0,50076.0,1,0,86.0,0,2,2.66,1,0,7.24,1,0,0.046,1,0
0.3925739646141719,1,0,-0.9197204370389466,1,0,59644.0,1,0,90.0,0,3,4.7,1,0,3.0,1,0,3.8,1,0,15.75,1,0,7.34,1,0,3.13,1,0,16.54,1,0,0.15,1,0,0.14,1,0,0.05,1,0,47.0,1,0,1047.0,1,0,54620.0,1,0,86.0,0,3,2.51,1,0,7.31,1,0,0.061,1,0
0.40830434224389334,1,0,-0.9128458599921356,1,0,56144.0,1,0,90.0,0,4,9.5,1,0,2.6,1,0,5.1,1,0,15.45,1,0,7.37,1,0,3.12,1,0,14.52,1,0,0.16,1,0,0.27,1,0,0.06,1,0,48.25,1,0,2302.0,1,0,48203.0,1,0,86.0,0,4,2.64,1,0,7.32,1,0,0.058,1,0
0.42391439070986053,1,0,-0.9057022630804715,1,0,58778.0,1,0,90.0,0,5,4.0,1,0,2.5,1,0,3.4,1,0,15.15,1,0,7.46,1,0,3.12,1,0,14.11,1,0,0.15,1,0,0.35,1,0,0.05,1,0,38.0,1,0,1464.0,1,0,51892.0,1,0,86.0,0,5,2.76,1,0,7.28,1,0,0.051,1,0
0.4393995096591413,1,0,-0.898291751554753,1,0,49481.0,1,0,90.0,0,6,5.3,1,0,1.9,1,0,3.0,1,0,14.8,1,0,7.4,1,0,3.14,1,0,13.0,1,0,0.15,1,0,0.2,1,0,0.06,1,0,34.6,1,0,2250.0,1,0,45671.0,1,0,86.0,0,6,2.35,1,0,7.33,1,0,0.05,1,0
0.4547551355561054,1,0,-0.8906165093267406,1,0,56648.0,1,0,89.0,1,0,12.7,1,0,2.5,1,0,8.3,1,0,14.3,1,0,7.38,1,0,3.09,1,0,13.13,1,0,0.14,1,0,0.14,1,0,0.05,1,0,47.6,1,0,1580.0,1,0,49692.0,1,0,86.0,1,0,3.33,1,0,7.31,1,0,0.051,1,0
0.46997674302731957,1,0,-0.8826787983255476,1,0,55095.0,1,0,89.0,0,1,13.4,1,0,2.1,1,0,8.2,1,0,14.4,1,0,7.28,1,0,3.18,1,0,13.76,1,0,0.15,1,0,0.17,1,0,0.05,1,0,52.3,1,0,1436.0,1,0,49227.0,1,0,86.0,0,1,2.0,1,0,7.28,1,0,0.06,1,0
0.4850598461951956,1,0,-0.8744809578310401,1,0,55885.0,1,0,89.0,0,2,26.3,1,0,5.1,1,0,11.3,1,0,17.25,1,0,7.93,1,0,3.13,1,0,13.82,1,0,0.16,1,0,0.17,1,0,0.05,1,0,48.6,1,0,1309.0,1,0,51861.0,1,0,86.0,0,2,2.46,1,0,7.28,1,0,0.05,1,0
0.5000000000000001,1,0,-0.8660254037844386,1,0,51834.0,1,0,89.0,0,3,61.9,1,0,5.5,1,0,33.7,1,0,15.1,1,0,7.23,1,0,3.14,1,0,14.62,1,0,0.17,1,0,0.7,1,0,0.05,1,0,49.0,1,0,2215.0,1,0,46810.0,1,0,86.0,0,3,2.41,1,0,7.25,1,0,0.041,1,0
0.5147928015098306,1,0,-0.8573146280763323,1,0,51176.0,1,0,89.0,0,4,40.3,1,0,11.7,1,0,24.0,1,0,14.9,1,0,7.28,1,0,2.87,1,0,13.69,1,0,0.12,1,0,0.69,1,0,0.05,1,0,36.0,1,0,2070.0,1,0,42951.0,1,0,86.0,0,4,2.44,1,0,7.24,1,0,0.034,1,0
0.5294338912181851,1,0,-0.848351197812304,1,0,54126.0,1,0,89.0,0,5,10.0,1,0,5.9,1,0,7.5,1,0,14.4,1,0,7.33,1,0,2.63,1,0,14.53,1,0,0.13,1,0,0.2,1,0,0.05,1,0,33.0,1,0,2373.0,1,0,47000.0,1,0,86.0,0,5,2.47,1,0,7.25,1,0,0.056,1,0
0.5439189543287245,1,0,-0.8391377545563939,1,0,49567.0,1,0,89.0,0,6,7.4,1,0,3.6,1,0,4.8,1,0,14.2,1,0,7.32,1,0,2.5,1,0,14.78,1,0,0.15,1,0,0.39,1,0,0.04,1,0,41.0,1,0,1776.0,1,0,44169.0,1,0,86.0,0,6,2.48,1,0,7.26,1,0,0.054,1,0
0.5582437220268645,1,0,-0.8296770135526191,1,0,48917.0,1,0,84.0,1,0,13.5,1,0,3.2,1,0,8.1,1,0,14.15,1,0,7.28,1,0,2.5,1,0,14.76,1,0,0.15,1,0,0.12,1,0,0.05,1,0,33.0,1,0,1377.0,1,0,43610.0,1,0,81.0,1,0,2.36,1,0,7.25,1,0,0.058,1,0
0.5724039727378144,1,0,-0.8199717629247775,1,0,54093.0,1,0,84.0,0,1,23.4,1,0,4.0,1,0,13.7,1,0,14.3,1,0,7.31,1,0,2.55,1,0,14.72,1,0,0.15,1,0,0.12,1,0,0.04,1,0,51.0,1,0,2000.0,1,0,46608.0,1,0,81.0,0,1,2.44,1,0,7.24,1,0,0.051,1,0
0.5863955333706952,1,0,-0.8100248628547756,1,0,45802.0,1,0,84.0,0,2,9.6,1,0,4.7,1,0,7.0,1,0,14.8,1,0,7.32,1,0,2.63,1,0,11.22,1,0,0.15,1,0,0.21,1,0,0.05,1,0,38.0,1,0,3804.0,1,0,42229.0,1,0,81.0,0,2,2.44,1,0,7.23,1,0,0.049,1,0
0.6002142805483676,1,0,-0.7998392447397198,1,0,54998.0,1,0,84.0,0,3,5.3,1,0,3.0,1,0,4.0,1,0,14.7,1,0,7.29,1,0,2.61,1,0,12.59,1,0,0.16,1,0,0.16,1,0,0.04,1,0,66.0,1,0,1821.0,1,0,45435.0,1,0,81.0,0,3,2.76,1,0,7.24,1,0,0.055,1,0
0.613856141822612,1,0,-0.7894179103280197,1,0,52063.0,1,0,84.0,0,4,15.8,1,0,3.6,1,0,7.6,1,0,14.5,1,0,7.26,1,0,2.5,1,0,11.89,1,0,0.16,1,0,0.1,1,0,0.04,1,0,55.0,1,0,1142.0,1,0,46257.0,1,0,81.0,0,4,2.51,1,0,7.22,1,0,0.057,1,0
0.6273170968742937,1,0,-0.7787639308347607,1,0,51797.0,1,0,84.0,0,5,5.2,1,0,2.7,1,0,3.9,1,0,14.1,1,0,7.22,1,0,2.5,1,0,10.81,1,0,0.16,1,0,0.28,1,0,0.05,1,0,45.0,1,0,2642.0,1,0,43661.0,1,0,81.0,0,5,2.52,1,0,7.25,1,0,0.045,1,0
0.640593178698175,1,0,-0.7678804460366002,1,0,34938.0,1,0,84.0,0,6,12.7,1,0,2.6,1,0,5.9,1,0,13.8,1,0,7.28,1,0,2.5,1,0,11.81,1,0,0.15,1,0,0.11,1,0,0.04,1,0,57.0,1,0,1522.0,1,0,32700.0,1,0,81.0,0,6,2.23,1,0,7.23,1,0,0.045,1,0
0.6536804747720056,1,0,-0.7567706633464628,1,0,42801.0,1,0,84.0,0,7,23.9,1,0,6.9,1,0,13.9,1,0,13.5,1,0,7.34,1,0,2.5,1,0,13.43,1,0,0.16,1,0,0.22,1,0,0.05,1,0,49.0,1,0,1829.0,1,0,37818.0,1,0,81.0,0,7,2.48,1,0,7.24,1,0,0.044,1,0
0.6665751282095634,1,0,-0.7454378568682999,1,0,46458.0,1,0,86.0,1,0,13.5,1,0,3.1,1,0,7.6,1,0,13.0,1,0,7.27,1,0,2.25,1,0,14.59,1,0,0.16,1,0,0.14,1,0,0.05,1,0,39.0,1,0,1117.0,1,0,43457.0,1,0,83.0,1,0,2.34,1,0,7.23,1,0,0.044,1,0
0.6792733388972934,1,0,-0.7338853664321989,1,0,49721.0,1,0,86.0,0,1,12.7,1,0,4.2,1,0,9.1,1,0,12.6,1,0,7.26,1,0,2.0,1,0,16.9,1,0,0.17,1,0,0.08,1,0,0.04,1,0,49.0,1,0,1113.0,1,0,48313.0,1,0,83.0,0,1,2.16,1,0,7.26,1,0,0.034,1,0
0.6917713646142221,1,0,-0.7221165966101161,1,0,43787.0,1,0,86.0,0,2,23.2,1,0,9.6,1,0,16.7,1,0,12.0,1,0,7.27,1,0,2.0,1,0,19.18,1,0,0.12,1,0,0.25,1,0,0.04,1,0,55.0,1,0,1875.0,1,0,38370.0,1,0,83.0,0,2,2.49,1,0,7.27,1,0,0.039,1,0
0.7040655221348057,1,0,-0.7101350157125358,1,0,46379.0,1,0,86.0,0,3,12.2,1,0,5.3,1,0,7.9,1,0,12.4,1,0,7.36,1,0,2.0,1,0,18.11,1,0,0.15,1,0,0.29,1,0,0.06,1,0,60.0,1,0,2069.0,1,0,39681.0,1,0,83.0,0,3,2.46,1,0,7.28,1,0,0.037,1,0
0.7161521883143932,1,0,-0.6979441547663436,1,0,42322.0,1,0,86.0,0,4,4.8,1,0,2.9,1,0,3.6,1,0,12.3,1,0,7.33,1,0,2.0,1,0,19.15,1,0,0.18,1,0,0.2,1,0,0.06,1,0,53.0,1,0,1457.0,1,0,37924.0,1,0,83.0,0,4,2.44,1,0,7.32,1,0,0.033,1,0
0.7280278011569846,1,0,-0.6855476064742156,1,0,46474.0,1,0,86.0,0,5,22.0,1,0,3.5,1,0,10.1,1,0,11.9,1,0,7.33,1,0,2.0,1,0,19.98,1,0,0.16,1,0,0.14,1,0,0.04,1,0,42.0,1,0,1056.0,1,0,40115.0,1,0,83.0,0,5,2.47,1,0,7.28,1,0,0.044,1,0
0.7396888608649665,1,0,-0.6729490241558331,1,0,45564.0,1,0,86.0,1,0,7.6,1,0,3.3,1,0,5.1,1,0,11.6,1,0,7.35,1,0,2.11,1,0,19.41,1,0,0.18,1,0,0.29,1,0,0.05,1,0,44.33,1,0,1645.0,1,0,42116.0,1,0,81.0,1,0,2.29,1,0,7.27,1,0,0.046,1,0
0.7511319308705195,1,0,-0.6601521206712321,1,0,55539.0,1,0,86.0,0,1,5.33,1,0,3.77,1,0,4.5,1,0,11.8,1,0,7.31,1,0,2.09,1,0,17.78,1,0,0.14,1,0,0.17,1,0,0.04,1,0,51.0,1,0,1813.0,1,0,42830.0,1,0,81.0,0,1,2.56,1,0,7.25,1,0,0.035,1,0
0.7623536388483899,1,0,-0.6471606673266065,1,0,55446.0,1,0,86.0,0,2,28.3,1,0,1.71,1,0,8.47,1,0,12.0,1,0,7.32,1,0,2.0,1,0,18.34,1,0,0.14,1,0,0.21,1,0,0.05,1,0,54.5,1,0,2250.0,1,0,43954.0,1,0,81.0,0,2,2.24,1,0,7.28,1,0,0.037,1,0
0.7733506777097294,1,0,-0.6339784927628872,1,0,60566.0,1,0,86.0,0,3,31.7,1,0,11.5,1,0,21.5,1,0,11.4,1,0,7.3,1,0,2.0,1,0,18.98,1,0,0.14,1,0,0.2,1,0,0.05,1,0,43.0,1,0,1805.0,1,0,44935.0,1,0,81.0,0,3,2.29,1,0,7.26,1,0,0.034,1,0
0.7841198065767104,1,0,-0.6206094818274227,1,0,59366.0,1,0,86.0,0,4,12.3,1,0,4.8,1,0,7.15,1,0,10.8,1,0,7.31,1,0,2.08,1,0,19.61,1,0,0.14,1,0,0.28,1,0,0.04,1,0,41.5,1,0,1370.0,1,0,41674.0,1,0,81.0,0,4,2.48,1,0,7.25,1,0,0.036,1,0
0.7946578517376245,1,0,-0.607057574429101,1,0,59357.0,1,0,86.0,0,5,6.54,1,0,3.33,1,0,4.36,1,0,10.4,1,0,7.31,1,0,2.08,1,0,18.87,1,0,0.12,1,0,0.2,1,0,0.06,1,0,44.75,1,0,2038.0,1,0,41525.0,1,0,81.0,0,5,2.24,1,0,7.24,1,0,0.03,1,0
0.8049617075821958,1,0,-0.5933267643772321,1,0,54606.0,1,0,86.0,0,6,19.71,1,0,5.0,1,0,12.4,1,0,9.9,1,0,7.28,1,0,2.09,1,0,20.52,1,0,0.15,1,0,0.07,1,0,0.04,1,0,49.0,1,0,1668.0,1,0,39662.0,1,0,81.0,0,6,2.33,1,0,7.23,1,0,0.031,1,0
0.8150283375168107,1,0,-0.5794210982045647,1,0,58021.0,1,0,87.0,1,0,7.4,1,0,3.0,1,0,5.2,1,0,10.0,1,0,7.28,1,0,2.0,1,0,17.78,1,0,0.14,1,0,0.14,1,0,0.04,1,0,50.5,1,0,2733.0,1,0,41445.0,1,0,82.0,1,0,2.71,1,0,7.28,1,0,0.024,1,0
0.8248547748594242,1,0,-0.5653446739747432,1,0,59924.0,1,0,87.0,0,1,30.8,1,0,2.6,1,0,16.15,1,0,9.95,1,0,7.35,1,0,2.0,1,0,18.44,1,0,0.14,1,0,0.25,1,0,0.05,1,0,59.0,1,0,1126.0,1,0,45233.0,1,0,82.0,0,1,2.36,1,0,7.28,1,0,0.032,1,0
0.8344381237138475,1,0,-0.5511016400745998,1,0,59345.0,1,0,87.0,0,2,20.0,1,0,5.3,1,0,9.7,1,0,9.4,1,0,7.38,1,0,2.08,1,0,18.87,1,0,0.14,1,0,0.27,1,0,0.05,1,0,40.2,1,0,2325.0,1,0,43572.0,1,0,82.0,0,2,2.74,1,0,7.29,1,0,0.03,1,0
0.8437755598231853,1,0,-0.5366961939916011,1,0,58072.0,1,0,87.0,0,3,5.51,1,0,3.17,1,0,4.22,1,0,9.1,1,0,7.31,1,0,2.0,1,0,17.76,1,0,0.13,1,0,0.21,1,0,0.05,1,0,45.6,1,0,2309.0,1,0,40715.0,1,0,82.0,0,3,1.96,1,0,7.26,1,0,0.023,1,0
0.8528643314021598,1,0,-0.5221325810768248,1,0,59165.0,1,0,87.0,0,4,32.7,1,0,7.93,1,0,23.4,1,0,8.6,1,0,7.3,1,0,2.0,1,0,18.68,1,0,0.14,1,0,0.13,1,0,0.04,1,0,39.0,1,0,1682.0,1,0,43549.0,1,0,82.0,0,4,2.28,1,0,7.27,1,0,0.022,1,0
0.8617017599480677,1,0,-0.5074150932938463,1,0,55816.0,1,0,87.0,0,5,44.9,1,0,24.4,1,0,33.8,1,0,7.8,1,0,7.33,1,0,2.0,1,0,18.48,1,0,0.14,1,0,0.15,1,0,0.05,1,0,33.0,1,0,1115.0,1,0,40979.0,1,0,82.0,0,5,2.26,1,0,7.27,1,0,0.025,1,0
0.8702852410301551,1,0,-0.4925480679538645,1,0,56486.0,1,0,87.0,0,6,29.1,1,0,20.2,1,0,25.13,1,0,6.15,1,0,7.35,1,0,2.0,1,0,18.13,1,0,0.14,1,0,2.0,1,0,0.04,1,0,50.0,1,0,2342.0,1,0,37100.0,1,0,82.0,0,6,2.4,1,0,7.27,1,0,0.017,1,0
0.8786122450571482,1,0,-0.47753588643748845,1,0,56024.0,1,0,87.0,1,0,26.8,1,0,17.6,1,0,21.9,1,0,5.6,1,0,7.29,1,0,2.0,1,0,19.4,1,0,0.13,1,0,0.24,1,0,0.05,1,0,32.7,1,0,2464.0,1,0,44174.0,1,0,84.0,1,0,1.89,1,0,7.25,1,0,0.016,1,0
0.8866803180227398,1,0,-0.4623829729035152,1,0,61792.0,1,0,87.0,0,1,34.8,1,0,14.7,1,0,19.8,1,0,5.7,1,0,7.29,1,0,2.0,1,0,19.9,1,0,0.15,1,0,0.21,1,0,0.05,1,0,44.3,1,0,2518.0,1,0,44610.0,1,0,84.0,0,1,2.18,1,0,7.23,1,0,0.016,1,0
0.8944870822287954,1,0,-0.44709379298511437,1,0,63502.0,1,0,87.0,0,2,93.0,1,0,46.3,1,0,74.3,1,0,5.3,1,0,7.37,1,0,2.0,1,0,32.2,1,0,0.14,1,0,0.23,1,0,0.05,1,0,32.8,1,0,3432.0,1,0,43019.0,1,0,84.0,0,2,2.22,1,0,7.27,1,0,0.019,1,0
0.9020302369860709,1,0,-0.43167285247378356,1,0,60283.0,1,0,87.0,0,3,155.5,1,0,51.1,1,0,103.3,1,0,3.5,1,0,7.23,1,0,2.08,1,0,30.13,1,0,0.14,1,0,0.18,1,0,0.05,1,0,43.0,1,0,1182.0,1,0,43377.0,1,0,84.0,0,3,2.05,1,0,7.24,1,0,0.014,1,0
0.9093075592922355,1,0,-0.4161246959914751,1,0,59584.0,1,0,87.0,0,4,109.0,1,0,35.5,1,0,64.4,1,0,3.2,1,0,7.27,1,0,2.0,1,0,31.44,1,0,0.15,1,0,0.2,1,0,0.05,1,0,35.0,1,0,1805.0,1,0,44264.0,1,0,84.0,0,4,1.95,1,0,7.25,1,0,0.015,1,0
0.9163169044870048,1,0,-0.4004539056512665,1,0,61068.0,1,0,87.0,0,5,102.0,1,0,73.1,1,0,88.9,1,0,2.9,1,0,7.37,1,0,2.0,1,0,38.87,1,0,0.14,1,0,0.31,1,0,0.05,1,0,42.2,1,0,3007.0,1,0,42383.0,1,0,84.0,0,5,2.05,1,0,7.26,1,0,0.016,1,0
0.923056206884176,1,0,-0.3846650997070013,1,0,59489.0,1,0,87.0,0,6,112.0,1,0,40.2,1,0,68.4,1,0,2.4,1,0,7.3,1,0,2.0,1,0,32.69,1,0,0.14,1,0,0.24,1,0,0.05,1,0,50.8,1,0,1798.0,1,0,41668.0,1,0,84.0,0,6,2.04,1,0,7.25,1,0,0.016,1,0
0.9295234803804002,1,0,-0.3687629311922604,1,0,59782.0,1,0,89.0,1,0,36.9,1,0,28.4,1,0,31.4,1,0,2.6,1,0,7.34,1,0,2.08,1,0,29.42,1,0,0.14,1,0,0.26,1,0,0.06,1,0,35.8,1,0,1752.0,1,0,42832.0,1,0,86.0,1,0,1.89,1,0,7.26,1,0,0.015,1,0
0.9357168190404939,1,0,-0.3527520865490943,1,0,61036.0,1,0,89.0,0,1,36.9,1,0,20.5,1,0,27.3,1,0,3.5,1,0,7.37,1,0,2.08,1,0,22.73,1,0,0.14,1,0,0.44,1,0,0.04,1,0,49.0,1,0,1810.0,1,0,44503.0,1,0,86.0,0,1,2.11,1,0,7.27,1,0,0.016,1,0
0.9416343976591258,1,0,-0.3366372842469107,1,0,54359.0,1,0,89.0,0,2,72.2,1,0,19.6,1,0,35.6,1,0,3.3,1,0,7.27,1,0,2.0,1,0,23.94,1,0,0.15,1,0,0.32,1,0,0.05,1,0,44.4,1,0,3574.0,1,0,42055.0,1,0,86.0,0,2,2.48,1,0,7.23,1,0,0.018,1,0
0.947274472298717,1,0,-0.3204232733919109,1,0,49309.0,1,0,89.0,0,3,98.3,1,0,59.7,1,0,74.5,1,0,2.55,1,0,7.16,1,0,2.0,1,0,30.74,1,0,0.16,1,0,0.3,1,0,0.05,1,0,33.8,1,0,1816.0,1,0,44531.0,1,0,86.0,0,3,2.18,1,0,7.09,1,0,0.015,1,0
0.9526353808033823,1,0,-0.30411483232751857,1,0,49123.0,1,0,89.0,0,4,51.3,1,0,20.9,1,0,30.7,1,0,2.6,1,0,7.06,1,0,2.1,1,0,25.62,1,0,0.13,1,0,2.0,1,0,0.05,1,0,48.5,1,0,1796.0,1,0,46551.0,1,0,86.0,0,4,2.23,1,0,7.06,1,0,0.014,1,0
0.9577155432887803,1,0,-0.28771676722616696,1,0,46358.0,1,0,89.0,0,5,28.6,1,0,18.4,1,0,22.9,1,0,2.15,1,0,7.19,1,0,2.11,1,0,24.99,1,0,0.16,1,0,0.28,1,0,0.06,1,0,40.0,1,0,1244.0,1,0,44072.0,1,0,86.0,0,5,2.25,1,0,7.13,1,0,0.014,1,0
0.9625134626077079,1,0,-0.27123391067291097,1,0,45600.0,1,0,89.0,0,6,37.1,1,0,15.6,1,0,23.2,1,0,2.2,1,0,7.33,1,0,2.11,1,0,25.72,1,0,0.14,1,0,0.55,1,0,0.06,1,0,33.5,1,0,3645.0,1,0,41613.0,1,0,86.0,0,6,2.37,1,0,7.28,1,0,0.015,1,0
0.9670277247913203,1,0,-0.25467112024122895,1,0,47230.0,1,0,43.0,1,0,29.1,1,0,15.1,1,0,21.3,1,0,2.5,1,0,7.3,1,0,2.11,1,0,19.38,1,0,0.16,1,0,0.13,1,0,0.04,1,0,37.0,1,0,2607.0,1,0,44381.0,1,0,80.0,1,0,2.32,1,0,7.26,1,0,0.017,1,0
0.9712569994658311,1,0,-0.23803327706148678,1,0,44297.0,1,0,43.0,0,1,36.6,1,0,18.4,1,0,27.3,1,0,2.6,1,0,7.33,1,0,2.12,1,0,23.57,1,0,0.16,1,0,0.29,1,0,0.05,1,0,23.3,1,0,4561.0,1,0,41583.0,1,0,80.0,0,1,2.15,1,0,7.26,1,0,0.034,1,0
0.9752000402445824,1,0,-0.22132528438243296,1,0,45414.0,1,0,43.0,0,2,17.2,1,0,11.0,1,0,13.75,1,0,2.6,1,0,7.33,1,0,2.11,1,0,19.21,1,0,0.16,1,0,0.3,1,0,0.07,1,0,30.3,1,0,1821.0,1,0,43348.0,1,0,80.0,0,2,2.23,1,0,7.26,1,0,0.016,1,0
0.9788556850953579,1,0,-0.2045520661262005,1,0,46128.0,1,0,43.0,0,3,12.0,1,0,9.5,1,0,9.64,1,0,2.5,1,0,7.23,1,0,2.0,1,0,17.05,1,0,0.16,1,0,0.37,1,0,0.09,1,0,41.2,1,0,4828.0,1,0,40662.0,1,0,80.0,0,3,2.18,1,0,7.21,1,0,0.015,1,0
0.9822228566828405,1,0,-0.1877185654371994,1,0,40618.0,1,0,43.0,0,4,8.3,1,0,6.2,1,0,7.0,1,0,2.45,1,0,7.24,1,0,2.13,1,0,30.12,1,0,0.13,1,0,0.26,1,0,0.04,1,0,31.5,1,0,1214.0,1,0,38701.0,1,0,80.0,0,4,2.16,1,0,7.17,1,0,0.018,1,0
0.985300562686109,1,0,-0.17082974322534408,1,0,44563.0,1,0,43.0,0,5,6.9,1,0,5.7,1,0,6.23,1,0,2.3,1,0,7.26,1,0,2.12,1,0,33.07,1,0,0.09,1,0,0.24,1,0,0.04,1,0,48.0,1,0,1855.0,1,0,41773.0,1,0,80.0,0,5,2.24,1,0,7.17,1,0,0.014,1,0
0.9880878960910771,1,0,-0.1538905767040627,1,0,41749.0,1,0,43.0,0,6,10.3,1,0,5.4,1,0,7.35,1,0,2.2,1,0,7.22,1,0,2.0,1,0,32.12,1,0,0.1,1,0,0.3,1,0,0.05,1,0,29.6,1,0,2762.0,1,0,35525.0,1,0,80.0,0,6,2.31,1,0,7.14,1,0,0.012,1,0
0.9905840354577969,1,0,-0.1369060579234754,1,0,41058.0,1,0,43.0,0,7,32.8,1,0,17.4,1,0,28.0,1,0,1.7,1,0,7.27,1,0,2.0,1,0,33.38,1,0,0.09,1,0,0.26,1,0,0.05,1,0,37.5,1,0,1718.0,1,0,38228.0,1,0,80.0,0,7,2.59,1,0,7.17,1,0,0.012,1,0
0.99278824516254,1,0,-0.1198811922992275,1,0,39614.0,1,0,43.0,0,8,27.9,1,0,15.9,1,0,21.0,1,0,1.6,1,0,7.38,1,0,2.0,1,0,34.6,1,0,0.11,1,0,0.26,1,0,0.05,1,0,41.5,1,0,1850.0,1,0,37343.0,1,0,80.0,0,8,2.54,1,0,7.25,1,0,0.01,1,0
0.9946998756145891,1,0,-0.1028209971373608,1,0,35140.0,1,0,43.0,0,9,18.1,1,0,11.3,1,0,13.93,1,0,1.7,1,0,7.44,1,0,2.13,1,0,35.23,1,0,0.38,1,0,0.25,1,0,0.04,1,0,39.75,1,0,2438.0,1,0,31458.0,1,0,80.0,0,9,2.83,1,0,7.32,1,0,0.017,1,0
0.9963183634476755,1,0,-0.08573050015569487,1,0,37216.0,1,0,43.0,0,10,12.3,1,0,7.8,1,0,9.43,1,0,1.75,1,0,7.44,1,0,2.08,1,0,19.4,1,0,0.11,1,0,0.1,1,0,0.04,1,0,43.6,1,0,1829.0,1,0,34878.0,1,0,80.0,0,10,2.12,1,0,7.3,1,0,0.017,1,0
0.9976432316860063,1,0,-0.06861473800213468,1,0,41714.0,1,0,43.0,0,11,11.7,1,0,7.2,1,0,9.12,1,0,2.4,1,0,7.26,1,0,2.0,1,0,27.91,1,0,0.12,1,0,0.18,1,0,0.05,1,0,33.3,1,0,1854.0,1,0,38805.0,1,0,80.0,0,11,2.1,1,0,7.26,1,0,0.015,1,0
0.9986740898848305,1,0,-0.05147875477034641,1,0,41592.0,1,0,43.0,0,12,14.4,1,0,6.6,1,0,8.8,1,0,2.9,1,0,7.33,1,0,2.0,1,0,30.48,1,0,0.11,1,0,2.0,1,0,0.03,1,0,49.5,1,0,1837.0,1,0,38011.0,1,0,80.0,0,12,2.16,1,0,7.23,1,0,0.019,1,0
0.9994106342455052,1,0,-0.034327600513243496,1,0,35079.0,1,0,43.0,0,13,6.9,1,0,4.8,1,0,5.7,1,0,3.1,1,0,7.32,1,0,2.0,1,0,31.09,1,0,0.13,1,0,0.1,1,0,0.03,1,0,46.0,1,0,1841.0,1,0,33480.0,1,0,80.0,0,13,2.12,1,0,7.2,1,0,0.014,1,0
0.9998526477050269,1,0,-0.017166329754707492,1,0,42547.0,1,0,43.0,0,14,46.7,1,0,9.2,1,0,30.3,1,0,4.35,1,0,7.29,1,0,2.0,1,0,30.83,1,0,0.12,1,0,0.2,1,0,0.04,1,0,43.6,1,0,1769.0,1,0,40136.0,1,0,80.0,0,14,2.25,1,0,7.19,1,0,0.012,1,0
1.0,1,0,-2.4492935982947064e-16,1,0,40922.0,1,0,43.0,0,15,15.7,1,0,9.1,1,0,12.0,1,0,3.4,1,0,7.26,1,0,2.0,1,0,30.61,1,0,0.12,1,0,0.39,1,0,0.04,1,0,40.5,1,0,1830.0,1,0,38084.0,1,0,80.0,0,15,2.44,1,0,7.2,1,0,0.015,1,0
0.9998518392091162,1,0,0.017213356155834685,1,0,35384.0,1,0,43.0,0,16,35.0,1,0,7.8,1,0,16.5,1,0,3.25,1,0,7.28,1,0,2.0,1,0,29.99,1,0,0.11,1,0,0.26,1,0,0.05,1,0,38.7,1,0,1211.0,1,0,31670.0,1,0,80.0,0,16,2.51,1,0,7.19,1,0,0.013,1,0
0.9994074007397048,1,0,0.03442161162274574,1,0,39468.0,1,0,43.0,0,17,81.0,1,0,40.3,1,0,50.2,1,0,3.0,1,0,7.37,1,0,2.0,1,0,32.49,1,0,0.14,1,0,0.11,1,0,0.04,1,0,51.5,1,0,1206.0,1,0,37891.0,1,0,80.0,0,17,2.51,1,0,7.22,1,0,0.019,1,0
0.998666816288476,1,0,0.051619667223253764,1,0,39568.0,1,0,43.0,0,18,45.4,1,0,28.8,1,0,36.1,1,0,2.75,1,0,7.33,1,0,2.0,1,0,30.92,1,0,0.14,1,0,0.33,1,0,0.04,1,0,46.9,1,0,2451.0,1,0,36234.0,1,0,80.0,0,18,2.55,1,0,7.26,1,0,0.016,1,0
0.9976303053065857,1,0,0.06880242680231986,1,0,42970.0,1,0,43.0,0,19,52.6,1,0,31.9,1,0,41.2,1,0,2.05,1,0,7.38,1,0,2.0,1,0,30.87,1,0,0.13,1,0,0.28,1,0,0.07,1,0,41.0,1,0,2435.0,1,0,40584.0,1,0,80.0,0,19,2.38,1,0,7.27,1,0,0.01,1,0
0.9962981749346078,1,0,0.08596479873744647,1,0,42962.0,1,0,43.0,0,20,45.9,1,0,23.7,1,0,34.5,1,0,1.45,1,0,7.39,1,0,2.0,1,0,29.84,1,0,0.14,1,0,0.16,1,0,0.05,1,0,25.4,1,0,511.0,1,0,39244.0,1,0,80.0,0,20,2.75,1,0,7.29,1,0,0.016,1,0
0.9946708199115211,1,0,0.10310169744743485,1,0,42361.0,1,0,87.0,1,0,29.0,1,0,17.9,1,0,20.1,1,0,1.35,1,0,7.33,1,0,2.07,1,0,29.92,1,0,0.14,1,0,0.29,1,0,0.07,1,0,40.8,1,0,1421.0,1,0,38736.0,1,0,83.0,1,0,2.63,1,0,7.23,1,0,0.016,1,0
0.9927487224577402,1,0,0.1202080448993527,1,0,45533.0,1,0,87.0,0,1,18.4,1,0,12.0,1,0,15.34,1,0,1.1,1,0,7.35,1,0,2.06,1,0,29.78,1,0,0.11,1,0,0.5,1,0,0.1,1,0,19.0,1,0,3881.0,1,0,43314.0,1,0,83.0,0,1,2.61,1,0,7.24,1,0,0.014,1,0
0.9905324521322229,1,0,0.13727877211326478,1,0,49890.0,1,0,87.0,0,2,16.4,1,0,12.2,1,0,14.5,1,0,1.1,1,0,7.37,1,0,2.0,1,0,23.79,1,0,0.11,1,0,2.0,1,0,0.09,1,0,18.9,1,0,5685.0,1,0,39950.0,1,0,83.0,0,2,2.74,1,0,7.26,1,0,0.016,1,0
0.9880226656636976,1,0,0.15430882066428117,1,0,47158.0,1,0,87.0,0,3,14.9,1,0,13.1,1,0,13.9,1,0,1.05,1,0,7.36,1,0,2.0,1,0,25.47,1,0,0.1,1,0,0.38,1,0,0.08,1,0,19.4,1,0,2356.0,1,0,44272.0,1,0,83.0,0,3,2.34,1,0,7.28,1,0,0.018,1,0
0.9852201067560606,1,0,0.1712931441814776,1,0,44883.0,1,0,87.0,0,4,13.8,1,0,9.7,1,0,12.5,1,0,1.1,1,0,7.31,1,0,2.06,1,0,26.45,1,0,0.11,1,0,0.29,1,0,0.07,1,0,32.5,1,0,1220.0,1,0,41248.0,1,0,83.0,0,4,2.04,1,0,7.25,1,0,0.011,1,0
0.9821256058680006,1,0,0.1882267098432442,1,0,45983.0,1,0,87.0,0,5,12.4,1,0,9.0,1,0,10.58,1,0,1.2,1,0,7.35,1,0,2.06,1,0,28.61,1,0,0.11,1,0,0.25,1,0,0.21,1,0,42.5,1,0,2486.0,1,0,41832.0,1,0,83.0,0,5,2.39,1,0,7.24,1,0,0.013,1,0
0.9787400799669153,1,0,0.2051044998686192,1,0,39715.0,1,0,87.0,0,6,11.5,1,0,6.9,1,0,8.8,1,0,1.2,1,0,7.37,1,0,2.07,1,0,27.37,1,0,0.12,1,0,0.23,1,0,0.05,1,0,19.6,1,0,1966.0,1,0,38009.0,1,0,83.0,0,6,2.35,1,0,7.3,1,0,0.015,1,0
0.9750645322571948,1,0,0.2219215130041655,1,0,44761.0,1,0,88.0,1,0,8.7,1,0,6.95,1,0,7.57,1,0,1.25,1,0,7.36,1,0,2.06,1,0,27.16,1,0,0.12,1,0,2.0,1,0,0.07,1,0,38.75,1,0,2284.0,1,0,41550.0,1,0,84.0,1,0,2.47,1,0,7.27,1,0,0.013,1,0
0.9711000518829505,1,0,0.2386727660059501,1,0,46150.0,1,0,88.0,0,1,10.9,1,0,7.51,1,0,8.88,1,0,1.2,1,0,7.36,1,0,2.06,1,0,26.34,1,0,0.09,1,0,0.32,1,0,0.08,1,0,41.0,1,0,1861.0,1,0,42823.0,1,0,84.0,0,1,2.28,1,0,7.26,1,0,0.017,1,0
0.9668478136052775,1,0,0.255353295116187,1,0,49737.0,1,0,88.0,0,2,7.3,1,0,5.1,1,0,6.1,1,0,1.2,1,0,7.35,1,0,2.06,1,0,26.74,1,0,0.14,1,0,0.31,1,0,0.08,1,0,37.5,1,0,3013.0,1,0,46148.0,1,0,84.0,0,2,2.59,1,0,7.26,1,0,0.012,1,0
0.9623090774541486,1,0,0.2719581575341055,1,0,44981.0,1,0,88.0,0,3,4.7,1,0,3.2,1,0,3.8,1,0,1.2,1,0,7.34,1,0,2.06,1,0,27.66,1,0,0.15,1,0,0.22,1,0,0.07,1,0,14.5,1,0,1211.0,1,0,42276.0,1,0,84.0,0,3,2.39,1,0,7.26,1,0,0.011,1,0
0.9574851883550393,1,0,0.288482432880609,1,0,47446.0,1,0,88.0,0,4,3.6,1,0,2.68,1,0,2.95,1,0,1.25,1,0,7.35,1,0,2.06,1,0,27.13,1,0,0.14,1,0,0.29,1,0,0.07,1,0,45.3,1,0,2474.0,1,0,44454.0,1,0,84.0,0,4,2.29,1,0,7.24,1,0,0.013,1,0
0.9523775757303974,1,0,0.30492122465628907,1,0,47573.0,1,0,88.0,0,5,3.04,1,0,2.09,1,0,2.5,1,0,1.25,1,0,7.36,1,0,2.06,1,0,26.45,1,0,0.14,1,0,0.31,1,0,0.07,1,0,31.8,1,0,2960.0,1,0,43045.0,1,0,84.0,0,5,2.44,1,0,7.26,1,0,0.013,1,0
0.9469877530760753,1,0,0.3212696616923644,1,0,41040.0,1,0,88.0,0,6,2.56,1,0,1.86,1,0,2.1,1,0,1.25,1,0,7.38,1,0,2.07,1,0,26.83,1,0,0.15,1,0,0.3,1,0,0.06,1,0,32.0,1,0,1713.0,1,0,38715.0,1,0,84.0,0,6,2.35,1,0,7.27,1,0,0.013,1,0
0.9413173175128471,1,0,0.3375228995941133,1,0,47965.0,1,0,95.0,1,0,2.45,1,0,1.7,1,0,2.01,1,0,1.25,1,0,7.36,1,0,2.06,1,0,25.64,1,0,0.14,1,0,0.3,1,0,0.07,1,0,29.8,1,0,2449.0,1,0,45535.0,1,0,89.0,1,0,2.51,1,0,7.3,1,0,0.014,1,0
0.9353679493131483,1,0,0.3536761221763716,1,0,48809.0,1,0,95.0,0,1,3.9,1,0,1.9,1,0,2.9,1,0,1.3,1,0,7.36,1,0,2.06,1,0,26.96,1,0,0.15,1,0,0.07,1,0,0.12,1,0,31.0,1,0,3737.0,1,0,44994.0,1,0,89.0,0,1,2.74,1,0,7.27,1,0,0.014,1,0
0.9291414114031743,1,0,0.3697245428906731,1,0,45904.0,1,0,95.0,0,2,6.9,1,0,4.85,1,0,5.96,1,0,1.2,1,0,7.34,1,0,2.06,1,0,26.17,1,0,0.14,1,0,0.3,1,0,0.07,1,0,35.0,1,0,1885.0,1,0,43645.0,1,0,89.0,0,2,2.45,1,0,7.27,1,0,0.009,1,0
0.9226395488404876,1,0,0.38566340624360707,1,0,51901.0,1,0,95.0,0,3,8.67,1,0,4.45,1,0,6.1,1,0,1.35,1,0,7.39,1,0,2.06,1,0,27.28,1,0,0.14,1,0,0.25,1,0,0.07,1,0,36.3,1,0,3064.0,1,0,47852.0,1,0,89.0,0,3,2.41,1,0,7.3,1,0,0.014,1,0
0.9158642882672872,1,0,0.401487989205973,1,0,53709.0,1,0,95.0,0,4,3.4,1,0,1.5,1,0,2.45,1,0,1.45,1,0,7.38,1,0,2.05,1,0,22.9,1,0,0.14,1,0,0.27,1,0,0.08,1,0,37.3,1,0,2529.0,1,0,48541.0,1,0,89.0,0,4,2.67,1,0,7.31,1,0,0.012,1,0
0.9088176373395029,1,0,0.4171936026123168,1,0,49906.0,1,0,95.0,0,5,3.4,1,0,1.5,1,0,2.45,1,0,1.6,1,0,7.43,1,0,2.06,1,0,22.64,1,0,0.15,1,0,0.26,1,0,0.07,1,0,39.25,1,0,3274.0,1,0,45933.0,1,0,89.0,0,5,2.47,1,0,7.33,1,0,0.013,1,0
0.901501684131884,1,0,0.4327755925504312,1,0,43073.0,1,0,95.0,0,6,13.6,1,0,1.76,1,0,5.58,1,0,1.5,1,0,7.45,1,0,2.07,1,0,23.24,1,0,0.15,1,0,0.08,1,0,0.04,1,0,39.3,1,0,2139.0,1,0,41362.0,1,0,89.0,0,6,2.43,1,0,7.34,1,0,0.012,1,0
0.893918596519257,1,0,0.4482293417404106,1,0,50637.0,1,0,92.0,1,0,9.08,1,0,1.75,1,0,5.18,1,0,1.5,1,0,7.39,1,0,2.0,1,0,21.24,1,0,0.11,1,0,0.12,1,0,0.04,1,0,50.0,1,0,1993.0,1,0,48952.0,1,0,92.0,1,0,2.51,1,0,7.32,1,0,0.015,1,0
0.886070621534138,1,0,0.4635502709028509,1,0,50342.0,1,0,92.0,0,1,6.0,1,0,5.81,1,0,3.6,1,0,1.55,1,0,7.42,1,0,2.0,1,0,24.3,1,0,0.14,1,0,0.14,1,0,0.04,1,0,47.0,1,0,3846.0,1,0,47258.0,1,0,92.0,0,1,2.43,1,0,7.33,1,0,0.019,1,0
0.8779600847008882,1,0,0.47873384011578846,1,0,49741.0,1,0,92.0,0,2,2.4,1,0,1.4,1,0,1.7,1,0,1.4,1,0,7.43,1,0,2.06,1,0,22.32,1,0,0.14,1,0,0.12,1,0,0.04,1,0,41.0,1,0,1214.0,1,0,47141.0,1,0,92.0,0,2,2.65,1,0,7.31,1,0,0.014,1,0
0.869589389346611,1,0,0.49377555015997715,1,0,51794.0,1,0,92.0,0,3,2.59,1,0,1.4,1,0,1.96,1,0,1.45,1,0,7.45,1,0,2.06,1,0,23.88,1,0,0.14,1,0,0.1,1,0,0.04,1,0,49.0,1,0,1863.0,1,0,48736.0,1,0,92.0,0,3,2.8,1,0,7.34,1,0,0.014,1,0
0.8609610158889943,1,0,0.5086709438521044,1,0,46996.0,1,0,92.0,0,4,2.16,1,0,1.39,1,0,1.6,1,0,1.55,1,0,7.39,1,0,2.0,1,0,24.46,1,0,0.17,1,0,0.08,1,0,0.04,1,0,44.0,1,0,1865.0,1,0,44750.0,1,0,92.0,0,4,2.9,1,0,7.31,1,0,0.017,1,0
0.8520775211013093,1,0,0.5234156073655503,1,0,44680.0,1,0,92.0,0,5,2.3,1,0,1.3,1,0,1.8,1,0,1.6,1,0,7.42,1,0,2.0,1,0,23.42,1,0,0.13,1,0,0.08,1,0,0.04,1,0,43.0,1,0,1822.0,1,0,44034.0,1,0,92.0,0,5,2.96,1,0,7.37,1,0,0.018,1,0
0.8429415373547828,1,0,0.5380051715382996,1,0,43915.0,1,0,92.0,0,6,3.42,1,0,1.87,1,0,2.4,1,0,1.2,1,0,7.51,1,0,2.0,1,0,23.83,1,0,0.13,1,0,0.08,1,0,0.04,1,0,43.0,1,0,1231.0,1,0,39265.0,1,0,92.0,0,6,2.89,1,0,7.35,1,0,0.017,1,0
0.8335557718385699,1,0,0.5524353131676196,1,0,46239.0,1,0,92.0,0,7,2.77,1,0,1.77,1,0,2.0,1,0,1.1,1,0,7.49,1,0,2.0,1,0,23.59,1,0,0.12,1,0,0.13,1,0,0.04,1,0,46.3,1,0,2844.0,1,0,44605.0,1,0,92.0,0,7,2.51,1,0,7.36,1,0,0.016,1,0
0.8239230057575542,1,0,0.5667017562911176,1,0,50124.0,1,0,92.0,0,8,8.87,1,0,1.89,1,0,3.95,1,0,1.1,1,0,7.46,1,0,2.0,1,0,24.4,1,0,0.14,1,0,0.09,1,0,0.04,1,0,42.4,1,0,1794.0,1,0,46120.0,1,0,92.0,0,8,2.69,1,0,7.36,1,0,0.015,1,0
0.8140460935082178,1,0,0.5808002734538009,1,0,48515.0,1,0,92.0,0,9,10.6,1,0,6.04,1,0,7.3,1,0,1.15,1,0,7.41,1,0,1.86,1,0,20.35,1,0,0.14,1,0,0.23,1,0,0.04,1,0,38.0,1,0,2982.0,1,0,44663.0,1,0,92.0,0,9,2.64,1,0,7.32,1,0,0.013,1,0
0.8039279618328213,1,0,0.5947266869607634,1,0,49125.0,1,0,92.0,0,10,11.6,1,0,4.1,1,0,7.7,1,0,0.95,1,0,7.45,1,0,2.0,1,0,24.3,1,0,0.14,1,0,0.63,1,0,0.04,1,0,45.0,1,0,1369.0,1,0,44997.0,1,0,92.0,0,10,2.53,1,0,7.33,1,0,0.018,1,0
0.7935716089521474,1,0,0.6084768701151261,1,0,50858.0,1,0,92.0,0,11,10.5,1,0,2.91,1,0,7.99,1,0,1.05,1,0,7.38,1,0,2.0,1,0,24.34,1,0,0.14,1,0,0.82,1,0,0.06,1,0,52.7,1,0,1845.0,1,0,48894.0,1,0,92.0,0,11,2.59,1,0,7.3,1,0,0.016,1,0
0.7829801036770629,1,0,0.6220467484408675,1,0,43562.0,1,0,92.0,0,12,4.04,1,0,2.14,1,0,3.07,1,0,1.15,1,0,7.41,1,0,2.0,1,0,24.02,1,0,0.14,1,0,0.28,1,0,0.05,1,0,38.3,1,0,3072.0,1,0,40528.0,1,0,92.0,0,12,2.54,1,0,7.31,1,0,0.013,1,0
0.7721565844991642,1,0,0.6354323008901774,1,0,43954.0,1,0,92.0,0,13,3.72,1,0,1.28,1,0,1.85,1,0,1.0,1,0,7.47,1,0,2.0,1,0,24.81,1,0,0.14,1,0,0.28,1,0,0.06,1,0,51.6,1,0,1212.0,1,0,41355.0,1,0,92.0,0,13,2.59,1,0,7.33,1,0,0.016,1,0
0.7611042586607747,1,0,0.6486295610349814,1,0,51685.0,1,0,92.0,0,14,5.47,1,0,1.34,1,0,1.88,1,0,1.1,1,0,7.41,1,0,2.06,1,0,23.95,1,0,0.13,1,0,1.35,1,0,0.06,1,0,39.4,1,0,2446.0,1,0,49163.0,1,0,92.0,0,14,2.49,1,0,7.28,1,0,0.013,1,0
0.7498264012045686,1,0,0.6616346182422783,1,0,50547.0,1,0,92.0,0,15,5.75,1,0,1.41,1,0,2.09,1,0,1.15,1,0,7.45,1,0,2.06,1,0,24.2,1,0,0.14,1,0,0.54,1,0,0.06,1,0,45.0,1,0,1494.0,1,0,48633.0,1,0,92.0,0,15,2.52,1,0,7.28,1,0,0.016,1,0
0.7383263540031065,1,0,0.6744436188329455,1,0,49391.0,1,0,92.0,0,16,2.87,1,0,1.38,1,0,1.87,1,0,1.2,1,0,7.39,1,0,2.0,1,0,24.47,1,0,0.14,1,0,0.12,1,0,0.04,1,0,48.3,1,0,1572.0,1,0,44863.0,1,0,92.0,0,16,2.62,1,0,7.28,1,0,0.016,1,0
0.7266075247685656,1,0,0.6870527672236669,1,0,47966.0,1,0,92.0,0,17,2.28,1,0,1.5,1,0,1.77,1,0,0.9,1,0,7.35,1,0,2.0,1,0,24.27,1,0,0.14,1,0,0.17,1,0,0.04,1,0,50.1,1,0,1467.0,1,0,47396.0,1,0,92.0,0,17,2.39,1,0,7.21,1,0,0.013,1,0
0.7146733860429609,1,0,0.699458327051647,1,0,50420.0,1,0,92.0,0,18,1.91,1,0,1.7,1,0,1.79,1,0,0.9,1,0,7.32,1,0,2.06,1,0,23.67,1,0,0.13,1,0,0.32,1,0,0.05,1,0,58.8,1,0,2482.0,1,0,46155.0,1,0,92.0,0,18,2.43,1,0,7.24,1,0,0.014,1,0
0.7025274741691571,1,0,0.7116566222817746,1,0,46562.0,1,0,92.0,0,19,3.0,1,0,1.6,1,0,2.01,1,0,0.95,1,0,7.44,1,0,2.06,1,0,24.06,1,0,0.13,1,0,0.19,1,0,0.04,1,0,51.0,1,0,1932.0,1,0,43691.0,1,0,92.0,0,19,2.49,1,0,7.29,1,0,0.015,1,0
0.6901733882429719,1,0,0.7236440382959124,1,0,40319.0,1,0,92.0,0,20,2.48,1,0,1.4,1,0,1.79,1,0,1.0,1,0,7.45,1,0,2.07,1,0,24.86,1,0,0.14,1,0,0.17,1,0,0.04,1,0,40.3,1,0,1458.0,1,0,38261.0,1,0,92.0,0,20,2.43,1,0,7.26,1,0,0.018,1,0
0.6776147890466889,1,0,0.7354170229639855,1,0,51329.0,1,0,92.0,0,21,4.73,1,0,1.89,1,0,2.45,1,0,0.9,1,0,7.45,1,0,2.0,1,0,24.98,1,0,0.14,1,0,0.18,1,0,0.04,1,0,43.5,1,0,1226.0,1,0,47431.0,1,0,92.0,0,21,2.47,1,0,7.29,1,0,0.014,1,0
0.6648553979642865,1,0,0.7469720876965552,1,0,55465.0,1,0,97.0,1,0,3.54,1,0,1.55,1,0,2.48,1,0,0.95,1,0,7.49,1,0,2.0,1,0,24.72,1,0,0.14,1,0,0.14,1,0,0.03,1,0,49.33,1,0,1835.0,1,0,53031.0,1,0,85.0,1,0,2.47,1,0,7.35,1,0,0.013,1,0
0.6518989958787126,1,0,0.7583058084785624,1,0,51292.0,1,0,97.0,0,1,4.9,1,0,1.37,1,0,1.93,1,0,1.1,1,0,7.4,1,0,2.06,1,0,23.98,1,0,0.14,1,0,0.16,1,0,0.04,1,0,44.6,1,0,3039.0,1,0,49480.0,1,0,85.0,0,1,2.34,1,0,7.31,1,0,0.013,1,0
0.6387494220515272,1,0,0.7694148268839378,1,0,50115.0,1,0,97.0,0,2,6.16,1,0,1.36,1,0,2.66,1,0,1.75,1,0,7.36,1,0,2.06,1,0,23.68,1,0,0.13,1,0,0.17,1,0,0.04,1,0,41.75,1,0,2911.0,1,0,46201.0,1,0,85.0,0,2,2.46,1,0,7.3,1,0,0.018,1,0
0.6254105729852463,1,0,0.7802958510707755,1,0,52486.0,1,0,97.0,0,3,2.26,1,0,1.46,1,0,1.92,1,0,1.3,1,0,7.34,1,0,1.68,1,0,23.16,1,0,0.14,1,0,0.08,1,0,0.04,1,0,36.0,1,0,969.0,1,0,50058.0,1,0,85.0,0,3,2.31,1,0,7.19,1,0,0.016,1,0
0.6118864012687243,1,0,0.7909456567567772,1,0,54763.0,1,0,97.0,0,4,2.92,1,0,1.24,1,0,1.79,1,0,1.35,1,0,7.32,1,0,1.61,1,0,24.29,1,0,0.13,1,0,0.19,1,0,0.03,1,0,48.3,1,0,1443.0,1,0,52794.0,1,0,85.0,0,4,2.28,1,0,7.21,1,0,0.013,1,0
0.5981809144059165,1,0,0.8013610881746766,1,0,49920.0,1,0,97.0,0,5,2.63,1,0,1.33,1,0,1.65,1,0,1.6,1,0,7.3,1,0,1.54,1,0,25.5,1,0,0.12,1,0,0.07,1,0,0.04,1,0,42.5,1,0,2062.0,1,0,48306.0,1,0,85.0,0,5,2.33,1,0,7.22,1,0,0.011,1,0
0.5842981736283684,1,0,0.8115390590073611,1,0,51800.0,1,0,93.0,1,0,4.3,1,0,1.73,1,0,2.1,1,0,1.6,1,0,7.35,1,0,1.49,1,0,23.47,1,0,0.14,1,0,0.17,1,0,0.04,1,0,48.0,1,0,1516.0,1,0,49498.0,1,0,86.0,1,0,2.31,1,0,7.27,1,0,0.013,1,0
0.5702422926917871,1,0,0.8214765533024142,1,0,56045.0,1,0,93.0,0,1,7.5,1,0,2.5,1,0,4.5,1,0,1.6,1,0,7.43,1,0,1.44,1,0,20.67,1,0,0.14,1,0,0.1,1,0,0.04,1,0,38.0,1,0,2558.0,1,0,52935.0,1,0,86.0,0,1,2.67,1,0,7.28,1,0,0.018,1,0
0.5560174366570446,1,0,0.8311706263658079,1,0,49729.0,1,0,93.0,0,2,4.72,1,0,1.48,1,0,2.2,1,0,1.7,1,0,7.39,1,0,1.79,1,0,24.73,1,0,0.13,1,0,0.18,1,0,0.04,1,0,47.0,1,0,2077.0,1,0,47728.0,1,0,86.0,0,2,2.54,1,0,7.2,1,0,0.016,1,0
0.5416278206559814,1,0,0.8406184056344782,1,0,49671.0,1,0,93.0,0,3,2.54,1,0,1.54,1,0,2.0,1,0,1.8,1,0,7.32,1,0,1.34,1,0,28.22,1,0,0.14,1,0,0.17,1,0,0.04,1,0,43.0,1,0,1553.0,1,0,45418.0,1,0,86.0,0,3,2.63,1,0,7.16,1,0,0.013,1,0
0.5270777086423722,1,0,0.8498170915275278,1,0,50509.0,1,0,93.0,0,4,3.17,1,0,1.4,1,0,2.1,1,0,1.9,1,0,7.43,1,0,1.61,1,0,24.07,1,0,0.13,1,0,0.1,1,0,0.03,1,0,50.0,1,0,1007.0,1,0,49666.0,1,0,86.0,0,4,2.4,1,0,7.24,1,0,0.015,1,0
0.5123714121284237,1,0,0.8587639582758029,1,0,55162.0,1,0,93.0,0,5,2.48,1,0,1.5,1,0,2.0,1,0,1.8,1,0,7.4,1,0,2.01,1,0,27.48,1,0,0.14,1,0,0.74,1,0,0.04,1,0,50.0,1,0,1465.0,1,0,53310.0,1,0,86.0,0,5,2.5,1,0,7.28,1,0,0.016,1,0
0.49751328890718066,1,0,0.8674563547295969,1,0,51165.0,1,0,93.0,0,6,3.8,1,0,1.8,1,0,2.5,1,0,1.45,1,0,7.36,1,0,2.46,1,0,27.11,1,0,0.12,1,0,0.17,1,0,0.03,1,0,54.0,1,0,1511.0,1,0,49053.0,1,0,86.0,0,6,2.56,1,0,7.2,1,0,0.016,1,0
0.48250774176121847,1,0,0.8758917051442429,1,0,58214.0,1,0,92.0,1,0,8.7,1,0,2.4,1,0,4.7,1,0,1.5,1,0,7.34,1,0,1.27,1,0,25.3,1,0,0.13,1,0,0.09,1,0,0.04,1,0,48.8,1,0,3312.0,1,0,51390.0,1,0,87.0,1,0,2.59,1,0,7.22,1,0,0.014,1,0
0.4673592171580022,1,0,0.8840675099433636,1,0,56368.0,1,0,92.0,0,1,3.33,1,0,2.0,1,0,2.64,1,0,1.45,1,0,7.27,1,0,1.55,1,0,27.4,1,0,0.11,1,0,0.14,1,0,0.04,1,0,19.7,1,0,1381.0,1,0,47594.0,1,0,87.0,0,1,2.63,1,0,7.15,1,0,0.014,1,0
0.45207220393230435,1,0,0.8919813464595485,1,0,58984.0,1,0,92.0,0,2,5.64,1,0,2.0,1,0,3.4,1,0,1.5,1,0,7.32,1,0,2.13,1,0,24.73,1,0,0.14,1,0,0.09,1,0,0.04,1,0,8.5,1,0,1847.0,1,0,46500.0,1,0,87.0,0,2,2.62,1,0,7.21,1,0,0.016,1,0
0.43665123195606403,1,0,0.8996308696522433,1,0,60940.0,1,0,92.0,0,3,5.12,1,0,2.4,1,0,3.1,1,0,1.3,1,0,7.35,1,0,1.44,1,0,23.7,1,0,0.14,1,0,0.1,1,0,0.04,1,0,26.0,1,0,2333.0,1,0,51205.0,1,0,87.0,0,3,2.51,1,0,7.25,1,0,0.018,1,0
0.4211008707960896,1,0,0.9070138128026359,1,0,64163.0,1,0,92.0,0,4,3.9,1,0,2.3,1,0,2.8,1,0,1.2,1,0,7.25,1,0,1.39,1,0,24.03,1,0,0.14,1,0,0.1,1,0,0.04,1,0,43.3,1,0,1278.0,1,0,51484.0,1,0,87.0,0,4,2.53,1,0,7.19,1,0,0.017,1,0
0.40542572835999735,1,0,0.9141279881853337,1,0,66086.0,1,0,92.0,0,5,4.4,1,0,2.3,1,0,2.9,1,0,1.4,1,0,7.19,1,0,1.33,1,0,21.2,1,0,0.13,1,0,0.09,1,0,0.04,1,0,43.7,1,0,1827.0,1,0,56786.0,1,0,87.0,0,5,2.33,1,0,7.17,1,0,0.014,1,0
0.38963044953078796,1,0,0.9209712877166346,1,0,66355.0,1,0,92.0,0,6,27.9,1,0,7.06,1,0,18.9,1,0,1.4,1,0,7.27,1,0,1.32,1,0,25.76,1,0,0.15,1,0,0.11,1,0,0.03,1,0,39.8,1,0,2124.0,1,0,53345.0,1,0,87.0,0,6,2.79,1,0,7.18,1,0,0.016,1,0
0.37371971479046906,1,0,0.9275416835791966,1,0,73354.0,1,0,91.0,1,0,38.6,1,0,12.9,1,0,16.5,1,0,2.05,1,0,7.32,1,0,1.8,1,0,27.12,1,0,0.12,1,0,0.13,1,0,0.05,1,0,31.25,1,0,2042.0,1,0,61058.0,1,0,82.0,1,0,2.84,1,0,7.19,1,0,0.015,1,0
0.35769823883312546,1,0,0.9338372288229252,1,0,73685.0,1,0,91.0,0,1,12.8,1,0,4.0,1,0,8.25,1,0,2.35,1,0,7.36,1,0,1.76,1,0,26.4,1,0,0.13,1,0,0.18,1,0,0.04,1,0,30.2,1,0,3382.0,1,0,58994.0,1,0,82.0,0,1,3.29,1,0,7.21,1,0,0.017,1,0
0.3415707691678556,1,0,0.9398560579418954,1,0,72873.0,1,0,91.0,0,2,6.4,1,0,3.1,1,0,3.77,1,0,1.7,1,0,7.28,1,0,2.26,1,0,30.33,1,0,0.12,1,0,0.1,1,0,0.04,1,0,30.66,1,0,1229.0,1,0,59896.0,1,0,82.0,0,2,2.8,1,0,7.17,1,0,0.019,1,0
0.3253420847119801,1,0,0.9455963874271426,1,0,78205.0,1,0,91.0,0,3,3.92,1,0,2.61,1,0,3.04,1,0,1.9,1,0,7.32,1,0,2.66,1,0,24.5,1,0,0.14,1,0,0.19,1,0,0.04,1,0,38.66,1,0,2086.0,1,0,62994.0,1,0,82.0,0,3,2.68,1,0,7.2,1,0,0.013,1,0
0.30901699437494745,1,0,0.9510565162951535,1,0,80974.0,1,0,91.0,0,4,6.9,1,0,2.5,1,0,3.4,1,0,2.2,1,0,7.32,1,0,2.09,1,0,26.39,1,0,0.15,1,0,0.17,1,0,0.04,1,0,49.5,1,0,3232.0,1,0,60656.0,1,0,82.0,0,4,2.59,1,0,7.23,1,0,0.012,1,0
0.29260033563334836,1,0,0.9562348265919056,1,0,66974.0,1,0,91.0,0,5,37.7,1,0,2.7,1,0,19.3,1,0,2.8,1,0,7.3,1,0,1.77,1,0,23.55,1,0,0.12,1,0,0.16,1,0,0.04,1,0,35.5,1,0,1437.0,1,0,51703.0,1,0,82.0,0,5,2.48,1,0,7.3,1,0,0.03,1,0
0.27609697309746883,1,0,0.9611297838723007,1,0,61145.0,1,0,91.0,0,6,44.3,1,0,22.3,1,0,33.5,1,0,3.3,1,0,7.35,1,0,2.67,1,0,27.0,1,0,0.14,1,0,0.1,1,0,0.04,1,0,45.6,1,0,1928.0,1,0,49776.0,1,0,82.0,0,6,2.69,1,0,7.25,1,0,0.015,1,0
0.2595117970697999,1,0,0.9657399376548549,1,0,71317.0,1,0,92.0,1,0,23.3,1,0,5.2,1,0,11.9,1,0,3.6,1,0,7.29,1,0,2.22,1,0,25.21,1,0,0.13,1,0,0.12,1,0,0.04,1,0,45.75,1,0,1730.0,1,0,60329.0,1,0,88.0,1,0,2.41,1,0,7.24,1,0,0.031,1,0
0.2428497220959356,1,0,0.9700639218515071,1,0,70281.0,1,0,92.0,0,1,8.2,1,0,4.6,1,0,6.1,1,0,3.7,1,0,7.37,1,0,1.93,1,0,25.58,1,0,0.14,1,0,0.1,1,0,0.04,1,0,43.75,1,0,2029.0,1,0,62735.0,1,0,88.0,0,1,2.71,1,0,7.3,1,0,0.017,1,0
0.22611568550828828,1,0,0.9741004551724205,1,0,63058.0,1,0,92.0,0,2,5.7,1,0,3.7,1,0,4.73,1,0,4.25,1,0,7.4,1,0,1.31,1,0,23.84,1,0,0.15,1,0,0.14,1,0,0.04,1,0,48.5,1,0,2323.0,1,0,63467.0,1,0,88.0,0,2,2.76,1,0,7.29,1,0,0.016,1,0
0.20931464596304847,1,0,0.9778483415056568,1,0,54197.0,1,0,92.0,0,3,36.0,1,0,11.1,1,0,22.53,1,0,5.1,1,0,7.38,1,0,1.2,1,0,23.66,1,0,0.14,1,0,0.1,1,0,0.04,1,0,37.8,1,0,2539.0,1,0,48755.0,1,0,88.0,0,3,2.81,1,0,7.28,1,0,0.021,1,0
0.19245158197082998,1,0,0.9813064702716093,1,0,63404.0,1,0,92.0,0,4,21.0,1,0,5.4,1,0,9.8,1,0,4.7,1,0,7.35,1,0,0.65,1,0,22.55,1,0,0.13,1,0,0.05,1,0,0.03,1,0,35.3,1,0,1394.0,1,0,61388.0,1,0,88.0,0,4,2.45,1,0,7.26,1,0,0.017,1,0
0.1755314904214282,1,0,0.9844738167520922,1,0,59025.0,1,0,92.0,0,5,29.5,1,0,11.3,1,0,23.7,1,0,6.3,1,0,7.33,1,0,1.6,1,0,25.92,1,0,0.14,1,0,1.13,1,0,0.03,1,0,46.0,1,0,1647.0,1,0,57142.0,1,0,88.0,0,5,2.7,1,0,7.27,1,0,0.016,1,0
0.15855938510313475,1,0,0.9873494423939864,1,0,53352.0,1,0,92.0,0,6,16.2,1,0,4.4,1,0,8.7,1,0,5.1,1,0,7.65,1,0,1.44,1,0,29.48,1,0,0.13,1,0,0.08,1,0,0.03,1,0,45.0,1,0,2006.0,1,0,49145.0,1,0,88.0,0,6,2.56,1,0,7.38,1,0,0.018,1,0
0.141540295217043,1,0,0.989932495087353,1,0,48151.0,1,0,88.0,1,0,87.4,1,0,7.1,1,0,50.8,1,0,5.4,1,0,7.21,1,0,1.86,1,0,26.14,1,0,0.13,1,0,0.07,1,0,0.03,1,0,46.0,1,0,1059.0,1,0,45290.0,1,0,89.0,1,0,2.67,1,0,7.19,1,0,0.02,1,0
0.12447926388678915,1,0,0.9922222094179323,1,0,63495.0,1,0,88.0,0,1,45.0,1,0,20.2,1,0,35.0,1,0,5.1,1,0,7.33,1,0,1.6,1,0,25.68,1,0,0.13,1,0,0.07,1,0,0.04,1,0,48.0,1,0,1394.0,1,0,59761.0,1,0,89.0,0,1,2.67,1,0,7.25,1,0,0.018,1,0
0.10738134666416309,1,0,0.994217906893952,1,0,62521.0,1,0,88.0,0,2,28.1,1,0,12.7,1,0,19.2,1,0,5.05,1,0,7.27,1,0,1.47,1,0,24.93,1,0,0.14,1,0,0.09,1,0,0.03,1,0,48.75,1,0,2071.0,1,0,62333.0,1,0,89.0,0,2,2.35,1,0,7.14,1,0,0.016,1,0
0.09025161003104117,1,0,0.995918996147179,1,0,62653.0,1,0,88.0,0,3,15.0,1,0,7.6,1,0,9.9,1,0,4.75,1,0,7.58,1,0,1.96,1,0,25.11,1,0,0.15,1,0,0.09,1,0,0.03,1,0,55.0,1,0,1784.0,1,0,59706.0,1,0,89.0,0,3,2.28,1,0,7.15,1,0,0.016,1,0
0.07309512989807777,1,0,0.9973249731081555,1,0,53804.0,1,0,88.0,0,4,7.2,1,0,4.8,1,0,6.0,1,0,5.0,1,0,7.26,1,0,1.82,1,0,26.05,1,0,0.15,1,0,0.08,1,0,0.03,1,0,54.0,1,0,2224.0,1,0,50689.0,1,0,89.0,0,4,2.54,1,0,7.19,1,0,0.016,1,0
0.055916990100603484,1,0,0.9984354211555643,1,0,48420.0,1,0,88.0,0,5,11.8,1,0,4.3,1,0,7.9,1,0,5.3,1,0,7.31,1,0,1.65,1,0,25.7,1,0,0.13,1,0,0.06,1,0,0.03,1,0,49.0,1,0,1376.0,1,0,46838.0,1,0,89.0,0,5,2.23,1,0,7.2,1,0,0.019,1,0
0.03872228089217446,1,0,0.9992500112396835,1,0,46640.0,1,0,88.0,0,6,4.6,1,0,3.3,1,0,3.9,1,0,5.95,1,0,7.34,1,0,1.99,1,0,26.37,1,0,0.14,1,0,0.14,1,0,0.03,1,0,52.0,1,0,1092.0,1,0,43410.0,1,0,89.0,0,6,2.43,1,0,7.2,1,0,0.015,1,0
0.021516097436222254,1,0,0.9997685019798909,1,0,59447.0,1,0,87.0,1,0,17.0,1,0,4.3,1,0,10.08,1,0,6.6,1,0,7.29,1,0,1.96,1,0,25.26,1,0,0.13,1,0,0.08,1,0,0.03,1,0,47.0,1,0,1785.0,1,0,53964.0,1,0,83.0,1,0,2.61,1,0,7.18,1,0,0.021,1,0
0.004303538296244289,1,0,0.9999907397361901,1,0,59156.0,1,0,87.0,0,1,7.78,1,0,4.89,1,0,6.23,1,0,6.6,1,0,7.23,1,0,1.95,1,0,22.24,1,0,0.13,1,0,0.09,1,0,0.03,1,0,42.0,1,0,1087.0,1,0,59141.0,1,0,83.0,0,1,2.35,1,0,7.18,1,0,0.015,1,0
-0.01291029607500882,1,0,0.9999166586547379,1,0,49668.0,1,0,87.0,0,2,13.6,1,0,5.07,1,0,10.2,1,0,6.4,1,0,7.2,1,0,2.93,1,0,24.76,1,0,0.14,1,0,0.06,1,0,0.03,1,0,54.0,1,0,1985.0,1,0,46997.0,1,0,83.0,0,2,2.31,1,0,7.14,1,0,0.02,1,0
-0.030120304846908114,1,0,0.9995462806873573,1,0,65845.0,1,0,87.0,0,3,21.7,1,0,11.1,1,0,16.6,1,0,6.35,1,0,7.25,1,0,2.99,1,0,25.84,1,0,0.14,1,0,0.07,1,0,0.03,1,0,54.0,1,0,1000.0,1,0,61542.0,1,0,83.0,0,3,2.53,1,0,7.19,1,0,0.022,1,0
-0.04732138832243185,1,0,0.9988797155850336,1,0,62872.0,1,0,87.0,0,4,76.7,1,0,7.9,1,0,25.2,1,0,7.1,1,0,7.26,1,0,1.36,1,0,26.61,1,0,0.14,1,0,0.09,1,0,0.03,1,0,59.0,1,0,1444.0,1,0,61566.0,1,0,83.0,0,4,2.58,1,0,7.16,1,0,0.021,1,0
-0.06450844944931623,1,0,0.9979171608653922,1,0,53449.0,1,0,87.0,0,5,26.9,1,0,3.31,1,0,9.66,1,0,7.25,1,0,7.24,1,0,2.72,1,0,24.88,1,0,0.14,1,0,0.07,1,0,0.03,1,0,50.3,1,0,1836.0,1,0,49090.0,1,0,83.0,0,5,2.46,1,0,7.12,1,0,0.018,1,0
-0.08167639533042241,1,0,0.9966589017541702,1,0,52722.0,1,0,87.0,0,6,6.0,1,0,2.96,1,0,4.32,1,0,7.05,1,0,7.18,1,0,1.62,1,0,26.04,1,0,0.14,1,0,0.08,1,0,0.03,1,0,58.66,1,0,1995.0,1,0,51768.0,1,0,83.0,0,6,2.47,1,0,7.11,1,0,0.017,1,0
-0.09882013873287143,1,0,0.9951053111006976,1,0,58939.0,1,0,86.0,1,0,25.2,1,0,3.1,1,0,13.0,1,0,6.8,1,0,7.23,1,0,2.91,1,0,26.93,1,0,0.13,1,0,0.1,1,0,0.03,1,0,54.25,1,0,2101.0,1,0,56263.0,1,0,81.0,1,0,2.52,1,0,7.16,1,0,0.023,1,0
-0.11593459959550041,1,0,0.9932568492674143,1,0,64127.0,1,0,86.0,0,1,16.1,1,0,4.6,1,0,9.36,1,0,6.45,1,0,7.24,1,0,2.14,1,0,25.87,1,0,12.91,1,0,0.09,1,0,0.03,1,0,52.3,1,0,1577.0,1,0,63355.0,1,0,81.0,0,1,2.48,1,0,7.18,1,0,0.032,1,0
-0.1330147065341959,1,0,0.9911140639934547,1,0,63486.0,1,0,86.0,0,2,4.3,1,0,2.2,1,0,3.23,1,0,6.15,1,0,7.23,1,0,2.97,1,0,27.16,1,0,11.86,1,0,0.08,1,0,0.03,1,0,36.0,1,0,1014.0,1,0,59231.0,1,0,81.0,0,2,2.47,1,0,7.13,1,0,0.013,1,0
-0.1500553983446526,1,0,0.9886775902323405,1,0,50865.0,1,0,86.0,0,3,4.8,1,0,2.3,1,0,3.2,1,0,6.45,1,0,7.11,1,0,3.71,1,0,26.95,1,0,14.16,1,0,0.06,1,0,0.03,1,0,59.0,1,0,1868.0,1,0,48225.0,1,0,81.0,0,3,2.29,1,0,7.12,1,0,0.017,1,0
-0.16705162550211924,1,0,0.9859481499638304,1,0,64971.0,1,0,86.0,0,4,3.9,1,0,2.0,1,0,3.03,1,0,6.3,1,0,7.23,1,0,2.02,1,0,22.0,1,0,0.13,1,0,0.09,1,0,0.03,1,0,55.8,1,0,2526.0,1,0,65381.0,1,0,81.0,0,4,2.39,1,0,7.17,1,0,0.019,1,0
-0.18399835165768005,1,0,0.9829265519799822,1,0,68549.0,1,0,86.0,0,5,2.8,1,0,1.7,1,0,2.2,1,0,6.25,1,0,7.29,1,0,2.14,1,0,20.64,1,0,0.13,1,0,0.13,1,0,0.03,1,0,27.5,1,0,747.0,1,0,65418.0,1,0,81.0,0,5,2.52,1,0,7.18,1,0,0.018,1,0
-0.20089055513063506,1,0,0.9796136916454901,1,0,63809.0,1,0,86.0,0,6,3.6,1,0,2.4,1,0,2.76,1,0,6.55,1,0,7.28,1,0,1.94,1,0,18.71,1,0,0.13,1,0,0.09,1,0,0.03,1,0,46.2,1,0,2916.0,1,0,59892.0,1,0,81.0,0,6,2.45,1,0,7.16,1,0,0.021,1,0
-0.21772323039653177,1,0,0.9760105506323683,1,0,62542.0,1,0,88.0,1,0,3.9,1,0,2.1,1,0,2.6,1,0,7.1,1,0,7.24,1,0,1.76,1,0,21.21,1,0,0.13,1,0,0.07,1,0,0.03,1,0,41.0,1,0,820.0,1,0,60064.0,1,0,86.0,1,0,2.21,1,0,7.14,1,0,0.018,1,0
-0.23449138957040985,1,0,0.9721181966290613,1,0,59664.0,1,0,88.0,0,1,23.9,1,0,2.9,1,0,12.2,1,0,7.7,1,0,7.26,1,0,1.65,1,0,20.5,1,0,0.14,1,0,0.1,1,0,0.03,1,0,52.25,1,0,2223.0,1,0,56523.0,1,0,86.0,0,1,2.26,1,0,7.14,1,0,0.021,1,0
-0.25119006388481935,1,0,0.9679377830240642,1,0,67753.0,1,0,88.0,0,2,16.3,1,0,9.0,1,0,12.1,1,0,7.4,1,0,7.34,1,0,2.49,1,0,22.19,1,0,0.14,1,0,0.07,1,0,0.03,1,0,46.6,1,0,1825.0,1,0,67075.0,1,0,86.0,0,2,2.22,1,0,7.24,1,0,0.02,1,0
-0.2678143051621742,1,0,0.9634705485641488,1,0,73765.0,1,0,88.0,0,3,8.2,1,0,5.0,1,0,6.68,1,0,7.6,1,0,7.33,1,0,2.11,1,0,20.38,1,0,0.13,1,0,1.02,1,0,0.03,1,0,44.0,1,0,2153.0,1,0,70941.0,1,0,86.0,0,3,2.27,1,0,7.24,1,0,0.026,1,0
-0.2843591872810034,1,0,0.9587178169872964,1,0,66357.0,1,0,88.0,0,4,16.7,1,0,3.4,1,0,7.6,1,0,8.15,1,0,7.29,1,0,1.56,1,0,19.54,1,0,0.13,1,0,0.1,1,0,0.03,1,0,39.0,1,0,2621.0,1,0,59119.0,1,0,86.0,0,4,2.34,1,0,7.22,1,0,0.02,1,0
-0.30081980763566735,1,0,0.9536809966304457,1,0,54487.0,1,0,88.0,0,5,20.6,1,0,5.2,1,0,9.1,1,0,8.9,1,0,7.39,1,0,1.55,1,0,19.74,1,0,0.13,1,0,0.08,1,0,0.03,1,0,45.0,1,0,1145.0,1,0,51652.0,1,0,86.0,0,5,2.37,1,0,7.27,1,0,0.023,1,0
-0.3171912885891061,1,0,0.9483615800121715,1,0,65727.0,1,0,88.0,0,6,8.7,1,0,2.8,1,0,4.6,1,0,9.2,1,0,7.37,1,0,1.58,1,0,19.06,1,0,0.13,1,0,0.07,1,0,0.03,1,0,41.0,1,0,2009.0,1,0,65012.0,1,0,86.0,0,6,2.23,1,0,7.24,1,0,0.022,1,0
-0.3334687789181868,1,0,0.9427611433904207,1,0,68972.0,1,0,88.0,0,7,32.2,1,0,4.0,1,0,11.8,1,0,9.55,1,0,7.31,1,0,1.6,1,0,17.52,1,0,0.13,1,0,0.09,1,0,0.03,1,0,56.6,1,0,2558.0,1,0,66216.0,1,0,86.0,0,7,2.25,1,0,7.22,1,0,0.025,1,0
-0.3496474552512284,1,0,0.9368813462954315,1,0,78756.0,1,0,89.0,1,0,27.7,1,0,4.9,1,0,12.22,1,0,10.0,1,0,7.31,1,0,1.4,1,0,17.22,1,0,0.12,1,0,0.1,1,0,0.03,1,0,41.0,1,0,1885.0,1,0,76821.0,1,0,85.0,1,0,2.78,1,0,7.22,1,0,0.029,1,0
-0.36572252349726897,1,0,0.9307239310379795,1,0,74726.0,1,0,89.0,0,1,3.73,1,0,2.59,1,0,3.2,1,0,9.35,1,0,7.31,1,0,1.5,1,0,17.38,1,0,0.13,1,0,0.07,1,0,0.03,1,0,38.0,1,0,2483.0,1,0,75983.0,1,0,85.0,0,1,2.23,1,0,7.22,1,0,0.02,1,0
-0.3816892202666588,1,0,0.9242907221930933,1,0,82728.0,1,0,89.0,0,2,4.08,1,0,2.1,1,0,3.0,1,0,9.4,1,0,7.27,1,0,1.62,1,0,17.11,1,0,0.13,1,0,0.07,1,0,0.03,1,0,41.0,1,0,1398.0,1,0,79478.0,1,0,85.0,0,2,2.42,1,0,7.19,1,0,0.022,1,0
-0.39754281428255595,1,0,0.9175836260593937,1,0,73578.0,1,0,89.0,0,3,5.7,1,0,2.4,1,0,3.73,1,0,10.5,1,0,7.26,1,0,1.49,1,0,16.13,1,0,0.12,1,0,0.1,1,0,0.02,1,0,47.0,1,0,2575.0,1,0,73882.0,1,0,85.0,0,3,2.24,1,0,7.22,1,0,0.03,1,0
-0.4132786077829042,1,0,0.9106046300942162,1,0,60509.0,1,0,89.0,0,4,6.1,1,0,3.25,1,0,4.65,1,0,11.6,1,0,7.24,1,0,1.48,1,0,17.02,1,0,0.13,1,0,0.07,1,0,0.02,1,0,47.0,1,0,1810.0,1,0,55473.0,1,0,85.0,0,4,2.42,1,0,7.17,1,0,0.03,1,0
-0.4288919379124835,1,0,0.9033558023246845,1,0,71777.0,1,0,89.0,0,5,7.0,1,0,2.52,1,0,4.53,1,0,11.55,1,0,7.23,1,0,1.45,1,0,16.74,1,0,0.13,1,0,0.1,1,0,0.02,1,0,43.0,1,0,1984.0,1,0,72122.0,1,0,85.0,0,5,2.32,1,0,7.15,1,0,0.033,1,0
-0.4443781781046132,1,0,0.895839290734909,1,0,82034.0,1,0,89.0,1,0,3.2,1,0,1.9,1,0,2.48,1,0,11.5,1,0,7.26,1,0,1.51,1,0,16.74,1,0,0.13,1,0,0.07,1,0,0.03,1,0,40.0,1,0,1876.0,1,0,79052.0,1,0,86.0,1,0,2.53,1,0,7.19,1,0,0.027,1,0
-0.45973273945210397,1,0,0.8880573226294932,1,0,70783.0,1,0,89.0,0,1,25.6,1,0,2.0,1,0,12.97,1,0,12.8,1,0,7.3,1,0,1.47,1,0,26.07,1,0,0.14,1,0,0.1,1,0,0.03,1,0,48.2,1,0,2471.0,1,0,67278.0,1,0,86.0,0,1,2.53,1,0,7.21,1,0,0.026,1,0
-0.47495107206704995,1,0,0.8800122039735357,1,0,75538.0,1,0,89.0,0,2,10.7,1,0,5.45,1,0,7.94,1,0,13.5,1,0,7.2,1,0,1.51,1,0,17.42,1,0,0.14,1,0,0.47,1,0,0.02,1,0,46.0,1,0,1394.0,1,0,76559.0,1,0,86.0,0,2,2.24,1,0,7.16,1,0,0.027,1,0
-0.4900286664290592,1,0,0.8717063187093218,1,0,60303.0,1,0,89.0,0,3,4.91,1,0,2.91,1,0,4.18,1,0,12.9,1,0,7.25,1,0,1.49,1,0,22.1,1,0,0.12,1,0,0.07,1,0,0.02,1,0,50.0,1,0,2342.0,1,0,56027.0,1,0,86.0,0,3,2.49,1,0,7.24,1,0,0.032,1,0
-0.5049610547215204,1,0,0.8631421280499114,1,0,64030.0,1,0,89.0,0,4,4.5,1,0,2.3,1,0,3.11,1,0,13.1,1,0,7.3,1,0,1.64,1,0,23.99,1,0,0.13,1,0,0.1,1,0,0.03,1,0,42.0,1,0,1501.0,1,0,59768.0,1,0,86.0,0,4,2.49,1,0,7.24,1,0,0.034,1,0
-0.5197438121555155,1,0,0.854322169749827,1,0,52077.0,1,0,89.0,0,5,3.5,1,0,2.4,1,0,2.8,1,0,12.9,1,0,7.17,1,0,1.44,1,0,25.88,1,0,0.14,1,0,0.07,1,0,0.03,1,0,45.0,1,0,1344.0,1,0,49945.0,1,0,86.0,0,5,2.46,1,0,7.2,1,0,0.029,1,0
-0.5343725582809786,1,0,0.8452490573530633,1,0,46013.0,1,0,89.0,0,6,5.9,1,0,2.4,1,0,3.12,1,0,12.7,1,0,7.25,1,0,1.79,1,0,26.58,1,0,0.14,1,0,0.09,1,0,0.03,1,0,57.0,1,0,1989.0,1,0,42593.0,1,0,86.0,0,6,2.58,1,0,7.22,1,0,0.032,1,0
-0.548842958284719,1,0,0.8359254794186372,1,0,60378.0,1,0,90.0,1,0,6.6,1,0,2.4,1,0,4.14,1,0,12.55,1,0,7.23,1,0,1.55,1,0,27.33,1,0,0.14,1,0,0.67,1,0,0.04,1,0,36.5,1,0,1058.0,1,0,58722.0,1,0,87.0,1,0,2.57,1,0,7.22,1,0,0.028,1,0
-0.5631507242749186,1,0,0.8263541987239096,1,0,57161.0,1,0,90.0,0,1,2.3,1,0,1.7,1,0,2.07,1,0,12.9,1,0,7.19,1,0,1.57,1,0,24.86,1,0,0.14,1,0,0.11,1,0,0.03,1,0,50.75,1,0,1865.0,1,0,52567.0,1,0,87.0,0,1,2.6,1,0,7.14,1,0,0.036,1,0
-0.5772916165517272,1,0,0.8165380514459161,1,0,70116.0,1,0,90.0,0,2,2.7,1,0,1.3,1,0,2.0,1,0,13.3,1,0,7.24,1,0,1.97,1,0,24.71,1,0,0.13,1,0,0.08,1,0,0.03,1,0,46.0,1,0,2367.0,1,0,69766.0,1,0,87.0,0,2,2.35,1,0,7.17,1,0,0.035,1,0
-0.5912614448635781,1,0,0.8064799463209448,1,0,67040.0,1,0,90.0,0,3,2.3,1,0,1.4,1,0,1.8,1,0,13.5,1,0,7.32,1,0,1.62,1,0,30.65,1,0,0.14,1,0,0.1,1,0,0.03,1,0,42.2,1,0,2348.0,1,0,64080.0,1,0,87.0,0,3,2.42,1,0,7.27,1,0,0.031,1,0
-0.6050560696488488,1,0,0.7961828637826158,1,0,76888.0,1,0,90.0,0,4,3.4,1,0,1.4,1,0,2.28,1,0,14.35,1,0,7.32,1,0,1.64,1,0,27.88,1,0,0.13,1,0,0.08,1,0,0.03,1,0,45.5,1,0,802.0,1,0,77915.0,1,0,87.0,0,4,2.4,1,0,7.18,1,0,0.036,1,0
-0.6186714032625031,1,0,0.7856498550787147,1,0,85470.0,1,0,90.0,0,5,4.5,1,0,2.0,1,0,3.45,1,0,13.5,1,0,7.43,1,0,1.56,1,0,27.24,1,0,0.13,1,0,0.08,1,0,0.03,1,0,44.4,1,0,2773.0,1,0,80215.0,1,0,87.0,0,5,2.54,1,0,7.28,1,0,0.062,1,0
-0.6321034111873487,1,0,0.7748840413670407,1,0,76910.0,1,0,90.0,0,6,4.1,1,0,3.1,1,0,3.7,1,0,14.0,1,0,7.47,1,0,1.5,1,0,26.2,1,0,0.13,1,0,0.1,1,0,0.04,1,0,36.6,1,0,2747.0,1,0,75041.0,1,0,87.0,0,6,2.56,1,0,7.29,1,0,0.042,1,0
-0.6453481132295501,1,0,0.7638886127905428,1,0,77213.0,1,0,93.0,1,0,3.2,1,0,2.2,1,0,2.8,1,0,14.0,1,0,7.43,1,0,1.42,1,0,26.1,1,0,0.13,1,0,0.08,1,0,0.04,1,0,39.0,1,0,1156.0,1,0,76055.0,1,0,86.0,1,0,2.13,1,0,7.29,1,0,0.062,1,0
-0.6584015846980488,1,0,0.7526668275320085,1,0,59943.0,1,0,93.0,0,1,2.3,1,0,1.5,1,0,1.9,1,0,14.6,1,0,7.42,1,0,1.64,1,0,27.18,1,0,0.15,1,0,0.1,1,0,0.04,1,0,40.0,1,0,2560.0,1,0,53948.0,1,0,86.0,0,1,2.29,1,0,7.27,1,0,0.048,1,0
-0.6712599575675313,1,0,0.7412220108485958,1,0,71985.0,1,0,93.0,0,2,3.1,1,0,1.3,1,0,2.01,1,0,14.4,1,0,7.45,1,0,1.44,1,0,26.69,1,0,0.14,1,0,0.08,1,0,0.04,1,0,32.0,1,0,2275.0,1,0,70961.0,1,0,86.0,0,2,2.21,1,0,7.32,1,0,0.064,1,0
-0.6839194216246106,1,0,0.7295575540864875,1,0,79252.0,1,0,93.0,0,3,2.2,1,0,1.4,1,0,1.8,1,0,15.4,1,0,7.44,1,0,1.46,1,0,25.24,1,0,0.13,1,0,0.1,1,0,0.04,1,0,37.2,1,0,1697.0,1,0,77748.0,1,0,86.0,0,3,2.28,1,0,7.29,1,0,0.074,1,0
-0.6963762255968722,1,0,0.717676913675962,1,0,85726.0,1,0,93.0,0,4,3.4,1,0,1.5,1,0,2.5,1,0,19.75,1,0,7.45,1,0,1.35,1,0,23.34,1,0,0.12,1,0,0.08,1,0,0.04,1,0,34.0,1,0,2700.0,1,0,83088.0,1,0,86.0,0,4,2.32,1,0,7.3,1,0,0.07,1,0
-0.7086266782644596,1,0,0.705583610107178,1,0,69517.0,1,0,93.0,0,5,37.8,1,0,11.9,1,0,25.1,1,0,17.5,1,0,7.42,1,0,1.91,1,0,24.73,1,0,0.14,1,0,0.17,1,0,0.04,1,0,36.0,1,0,2582.0,1,0,63173.0,1,0,86.0,0,5,2.71,1,0,7.3,1,0,0.062,1,0
-0.7206671495538609,1,0,0.6932812268869777,1,0,70414.0,1,0,93.0,0,6,23.4,1,0,8.3,1,0,16.6,1,0,17.05,1,0,7.43,1,0,1.64,1,0,25.46,1,0,0.13,1,0,0.08,1,0,0.04,1,0,38.0,1,0,2575.0,1,0,67091.0,1,0,86.0,0,6,2.53,1,0,7.32,1,0,0.062,1,0
-0.7324940716135789,1,0,0.6807734094770161,1,0,75543.0,1,0,93.0,0,7,7.2,1,0,5.4,1,0,6.3,1,0,16.5,1,0,7.47,1,0,1.76,1,0,24.92,1,0,0.12,1,0,0.08,1,0,0.03,1,0,23.0,1,0,1602.0,1,0,74254.0,1,0,86.0,0,7,2.4,1,0,7.33,1,0,0.057,1,0
-0.7441039398713607,1,0,0.6680638642135335,1,0,64035.0,1,0,89.0,1,0,12.2,1,0,3.9,1,0,5.9,1,0,16.2,1,0,7.43,1,0,1.8,1,0,22.31,1,0,0.13,1,0,0.09,1,0,0.03,1,0,52.2,1,0,2816.0,1,0,58444.0,1,0,85.0,1,0,2.52,1,0,7.33,1,0,0.083,1,0
-0.7554933140726803,1,0,0.6551563572090853,1,0,49030.0,1,0,89.0,0,1,13.9,1,0,4.63,1,0,7.2,1,0,15.65,1,0,7.43,1,0,1.89,1,0,26.01,1,0,0.15,1,0,0.05,1,0,0.03,1,0,46.0,1,0,1610.0,1,0,47592.0,1,0,85.0,0,1,2.23,1,0,7.3,1,0,0.075,1,0
-0.766658819300159,1,0,0.6420547132365637,1,0,47270.0,1,0,89.0,0,2,14.3,1,0,3.1,1,0,8.2,1,0,15.4,1,0,7.41,1,0,1.83,1,0,24.86,1,0,0.13,1,0,0.06,1,0,0.03,1,0,52.0,1,0,1129.0,1,0,43167.0,1,0,85.0,0,2,2.32,1,0,7.33,1,0,0.06,1,0
-0.7775971469736269,1,0,0.6287628145958344,1,0,66040.0,1,0,89.0,0,3,18.3,1,0,5.0,1,0,10.2,1,0,15.15,1,0,7.45,1,0,1.48,1,0,21.69,1,0,0.11,1,0,0.07,1,0,0.03,1,0,66.0,1,0,1756.0,1,0,61621.0,1,0,85.0,0,3,2.28,1,0,7.35,1,0,0.061,1,0
-0.7883050558305255,1,0,0.6152845999633276,1,0,64587.0,1,0,89.0,0,4,8.0,1,0,5.1,1,0,6.1,1,0,14.9,1,0,7.35,1,0,1.52,1,0,22.91,1,0,0.11,1,0,0.26,1,0,0.03,1,0,46.0,1,0,1977.0,1,0,61046.0,1,0,85.0,0,4,2.48,1,0,7.23,1,0,0.071,1,0
-0.7987793728863649,1,0,0.6016240632249226,1,0,71811.0,1,0,89.0,0,5,4.9,1,0,2.4,1,0,3.5,1,0,13.6,1,0,7.34,1,0,1.51,1,0,21.4,1,0,0.11,1,0,0.07,1,0,0.03,1,0,45.6,1,0,1518.0,1,0,70353.0,1,0,85.0,0,5,2.45,1,0,7.22,1,0,0.069,1,0
-0.8090169943749473,1,0,0.5877852522924732,1,0,81096.0,1,0,90.0,1,0,3.7,1,0,1.8,1,0,2.7,1,0,13.6,1,0,7.29,1,0,1.43,1,0,23.64,1,0,0.12,1,0,0.08,1,0,0.03,1,0,40.5,1,0,3412.0,1,0,81055.0,1,0,92.0,1,0,2.49,1,0,7.22,1,0,0.062,1,0
-0.8190148866680801,1,0,0.5737722679043246,1,0,72250.0,1,0,90.0,0,1,2.5,1,0,1.8,1,0,2.1,1,0,14.3,1,0,7.33,1,0,1.66,1,0,23.47,1,0,0.11,1,0,0.08,1,0,0.04,1,0,31.0,1,0,3765.0,1,0,64247.0,1,0,92.0,0,1,2.61,1,0,7.23,1,0,0.054,1,0
-0.8287700871745038,1,0,0.5595892624101765,1,0,52304.0,1,0,90.0,0,2,2.4,1,0,1.6,1,0,1.86,1,0,15.05,1,0,7.29,1,0,1.5,1,0,21.02,1,0,0.1,1,0,0.11,1,0,0.04,1,0,27.0,1,0,2633.0,1,0,48996.0,1,0,92.0,0,2,2.45,1,0,7.2,1,0,0.091,1,0
-0.8382797052177744,1,0,0.545240438540651,1,0,62544.0,1,0,90.0,0,3,3.5,1,0,1.6,1,0,2.24,1,0,14.95,1,0,7.29,1,0,1.55,1,0,22.68,1,0,0.1,1,0,0.08,1,0,0.04,1,0,38.8,1,0,2174.0,1,0,58256.0,1,0,92.0,0,3,2.55,1,0,7.18,1,0,0.069,1,0
-0.8475409228928311,1,0,0.5307300481619334,1,0,66891.0,1,0,90.0,0,4,4.5,1,0,1.6,1,0,2.2,1,0,15.0,1,0,7.36,1,0,1.51,1,0,22.76,1,0,0.12,1,0,0.07,1,0,0.04,1,0,36.1,1,0,1631.0,1,0,64255.0,1,0,92.0,0,4,2.52,1,0,7.24,1,0,0.059,1,0
-0.8565509959010036,1,0,0.5160623910158528,1,0,71687.0,1,0,90.0,0,5,3.5,1,0,1.6,1,0,2.3,1,0,15.15,1,0,7.45,1,0,1.56,1,0,22.69,1,0,0.1,1,0,0.08,1,0,0.04,1,0,38.0,1,0,2272.0,1,0,69085.0,1,0,92.0,0,5,2.4,1,0,7.32,1,0,0.066,1,0
-0.865307254363206,1,0,0.5012418134457758,1,0,76329.0,1,0,90.0,0,6,2.8,1,0,2.0,1,0,2.47,1,0,15.6,1,0,7.44,1,0,1.52,1,0,22.06,1,0,0.08,1,0,0.07,1,0,0.03,1,0,37.6,1,0,2261.0,1,0,74835.0,1,0,92.0,0,6,2.69,1,0,7.33,1,0,0.057,1,0
-0.8738071036110808,1,0,0.48627270710868997,1,0,86236.0,1,0,93.0,1,0,3.1,1,0,2.2,1,0,2.68,1,0,15.9,1,0,7.43,1,0,1.58,1,0,26.74,1,0,0.1,1,0,0.08,1,0,0.04,1,0,30.6,1,0,4224.0,1,0,83048.0,1,0,87.0,1,0,2.29,1,0,7.27,1,0,0.054,1,0
-0.8820480249558537,1,0,0.4711595076738638,1,0,91023.0,1,0,93.0,0,1,5.1,1,0,2.0,1,0,2.85,1,0,15.95,1,0,7.4,1,0,1.52,1,0,22.63,1,0,0.11,1,0,0.08,1,0,0.03,1,0,24.5,1,0,5363.0,1,0,85773.0,1,0,87.0,0,1,2.47,1,0,7.26,1,0,0.06,1,0
-0.8900275764346767,1,0,0.4559066935084588,1,0,91258.0,1,0,93.0,0,2,2.7,1,0,1.9,1,0,2.13,1,0,17.25,1,0,7.38,1,0,1.83,1,0,23.04,1,0,0.1,1,0,0.33,1,0,0.04,1,0,21.57,1,0,3232.0,1,0,86652.0,1,0,87.0,0,2,2.58,1,0,7.28,1,0,0.064,1,0
-0.8977433935342337,1,0,0.440518784350495,1,0,59762.0,1,0,93.0,0,3,2.5,1,0,1.8,1,0,2.13,1,0,17.05,1,0,7.38,1,0,1.54,1,0,24.28,1,0,0.05,1,0,1.51,1,0,0.04,1,0,24.0,1,0,2999.0,1,0,53469.0,1,0,87.0,0,3,3.15,1,0,7.27,1,0,0.059,1,0
-0.9051931898913974,1,0,0.42500033996955416,1,0,54117.0,1,0,93.0,0,4,2.6,1,0,1.7,1,0,2.16,1,0,18.8,1,0,7.36,1,0,1.8,1,0,24.62,1,0,0.06,1,0,0.07,1,0,0.04,1,0,40.0,1,0,2775.0,1,0,51934.0,1,0,87.0,0,4,2.44,1,0,7.25,1,0,0.059,1,0
-0.9123747579707273,1,0,0.4093559588156213,1,0,74752.0,1,0,93.0,0,5,3.8,1,0,1.7,1,0,2.49,1,0,16.8,1,0,7.39,1,0,1.72,1,0,25.65,1,0,0.07,1,0,0.07,1,0,0.04,1,0,53.0,1,0,1643.0,1,0,72358.0,1,0,87.0,0,5,2.56,1,0,7.28,1,0,0.061,1,0
-0.9192859697186104,1,0,0.39359027665646673,1,0,81180.0,1,0,93.0,0,6,3.5,1,0,1.6,1,0,2.27,1,0,17.05,1,0,7.4,1,0,1.58,1,0,26.13,1,0,0.07,1,0,0.06,1,0,0.04,1,0,38.4,1,0,2848.0,1,0,75161.0,1,0,87.0,0,6,2.63,1,0,7.27,1,0,0.061,1,0
-0.9259247771938498,1,0,0.3777079652039649,1,0,72626.0,1,0,92.0,1,0,3.3,1,0,1.5,1,0,2.2,1,0,18.5,1,0,7.35,1,0,1.24,1,0,22.34,1,0,0.06,1,0,0.07,1,0,0.04,1,0,35.0,1,0,2712.0,1,0,69912.0,1,0,89.0,1,0,2.49,1,0,7.23,1,0,0.066,1,0
-0.9322892131745133,1,0,0.36171373072976765,1,0,82246.0,1,0,92.0,0,1,6.4,1,0,2.1,1,0,4.1,1,0,18.5,1,0,7.3,1,0,1.61,1,0,25.79,1,0,0.08,1,0,0.07,1,0,0.04,1,0,37.0,1,0,2815.0,1,0,78331.0,1,0,89.0,0,1,2.65,1,0,7.21,1,0,0.065,1,0
-0.9383773917408641,1,0,0.3456123126707335,1,0,87489.0,1,0,92.0,0,2,5.4,1,0,2.3,1,0,3.81,1,0,17.85,1,0,7.34,1,0,1.61,1,0,27.29,1,0,0.08,1,0,0.09,1,0,0.04,1,0,30.8,1,0,3073.0,1,0,87327.0,1,0,89.0,0,2,2.31,1,0,7.24,1,0,0.071,1,0
-0.9441875088341993,1,0,0.3294084822245304,1,0,91945.0,1,0,92.0,0,3,4.6,1,0,2.6,1,0,3.36,1,0,18.0,1,0,7.42,1,0,1.32,1,0,24.05,1,0,0.06,1,0,0.1,1,0,0.04,1,0,29.5,1,0,3855.0,1,0,82191.0,1,0,89.0,0,3,2.55,1,0,7.31,1,0,0.065,1,0
-0.9497178427914316,1,0,0.3131070409358269,1,0,72424.0,1,0,92.0,0,4,3.3,1,0,1.8,1,0,2.5,1,0,18.6,1,0,7.32,1,0,1.34,1,0,22.8,1,0,0.05,1,0,0.06,1,0,0.04,1,0,29.0,1,0,1670.0,1,0,64850.0,1,0,89.0,0,4,2.5,1,0,7.25,1,0,0.06,1,0
-0.9549667548552551,1,0,0.29671281927349075,1,0,69047.0,1,0,92.0,0,5,3.6,1,0,2.5,1,0,2.9,1,0,18.7,1,0,7.27,1,0,1.4,1,0,25.69,1,0,0.06,1,0,0.09,1,0,0.04,1,0,39.0,1,0,3269.0,1,0,63340.0,1,0,89.0,0,5,2.59,1,0,7.18,1,0,0.065,1,0
-0.9599326896597447,1,0,0.28023067519921585,1,0,81396.0,1,0,92.0,0,6,5.0,1,0,2.3,1,0,3.3,1,0,18.8,1,0,7.2,1,0,1.37,1,0,24.4,1,0,0.06,1,0,0.07,1,0,0.04,1,0,27.0,1,0,2367.0,1,0,78385.0,1,0,89.0,0,6,2.41,1,0,7.13,1,0,0.062,1,0
-0.9646141756912435,1,0,0.26366549272800704,1,0,86155.0,1,0,92.0,1,0,3.2,1,0,2.0,1,0,2.6,1,0,19.25,1,0,7.28,1,0,1.41,1,0,24.78,1,0,0.06,1,0,0.07,1,0,0.04,1,0,34.0,1,0,2791.0,1,0,83632.0,1,0,89.0,1,0,2.18,1,0,7.17,1,0,0.071,1,0
-0.9690098257244062,1,0,0.24702218048093552,1,0,83931.0,1,0,92.0,0,1,2.9,1,0,2.2,1,0,2.4,1,0,19.5,1,0,7.36,1,0,1.27,1,0,24.73,1,0,0.06,1,0,0.12,1,0,0.04,1,0,32.0,1,0,2794.0,1,0,80382.0,1,0,89.0,0,1,2.34,1,0,7.22,1,0,0.088,1,0
-0.9731183372332619,1,0,0.23030567023061221,1,0,76846.0,1,0,92.0,0,2,2.2,1,0,1.68,1,0,1.9,1,0,19.8,1,0,7.36,1,0,1.46,1,0,23.71,1,0,0.06,1,0,0.07,1,0,0.04,1,0,32.0,1,0,2847.0,1,0,68029.0,1,0,89.0,0,2,2.48,1,0,7.25,1,0,0.083,1,0
-0.9769384927771817,1,0,0.21352091543979612,1,0,62200.0,1,0,92.0,0,3,32.5,1,0,1.6,1,0,13.9,1,0,20.7,1,0,7.32,1,0,1.39,1,0,24.53,1,0,0.06,1,0,0.11,1,0,0.05,1,0,37.0,1,0,1604.0,1,0,57063.0,1,0,89.0,0,3,2.66,1,0,7.27,1,0,0.077,1,0
-0.980469160361632,1,0,0.19667288979357647,1,0,68533.0,1,0,92.0,0,4,5.8,1,0,4.1,1,0,4.9,1,0,20.35,1,0,7.36,1,0,1.42,1,0,22.91,1,0,0.06,1,0,0.07,1,0,0.03,1,0,46.0,1,0,1803.0,1,0,57304.0,1,0,89.0,0,4,2.74,1,0,7.25,1,0,0.078,1,0
-0.9837092937736097,1,0,0.1797665857255624,1,0,76821.0,1,0,92.0,0,5,9.4,1,0,2.6,1,0,5.1,1,0,20.75,1,0,7.38,1,0,1.53,1,0,24.7,1,0,0.06,1,0,0.07,1,0,0.03,1,0,45.3,1,0,3462.0,1,0,70234.0,1,0,89.0,0,5,2.73,1,0,7.24,1,0,0.082,1,0
-0.986657932891657,1,0,0.16280701293851715,1,0,87850.0,1,0,92.0,0,6,6.7,1,0,4.6,1,0,5.2,1,0,21.4,1,0,7.36,1,0,1.57,1,0,26.33,1,0,0.07,1,0,0.08,1,0,0.04,1,0,38.6,1,0,3051.0,1,0,82459.0,1,0,89.0,0,6,2.58,1,0,7.25,1,0,0.075,1,0
-0.9893142039703663,1,0,0.1457991969198751,1,0,100664.0,1,0,98.0,1,0,3.8,1,0,2.8,1,0,3.2,1,0,21.55,1,0,7.38,1,0,1.57,1,0,24.46,1,0,0.06,1,0,0.07,1,0,0.04,1,0,31.3,1,0,2308.0,1,0,101979.0,1,0,86.0,1,0,2.44,1,0,7.25,1,0,0.08,1,0
-0.99167731989929,1,0,0.12874817745258132,1,0,105520.0,1,0,98.0,0,1,2.9,1,0,2.4,1,0,2.7,1,0,24.1,1,0,7.35,1,0,1.45,1,0,27.54,1,0,0.08,1,0,0.07,1,0,0.04,1,0,39.5,1,0,3614.0,1,0,97102.0,1,0,86.0,0,1,2.58,1,0,7.24,1,0,0.077,1,0
-0.993746580436178,1,0,0.11165900712169512,1,0,93599.0,1,0,98.0,0,2,2.8,1,0,1.77,1,0,2.3,1,0,21.35,1,0,7.32,1,0,1.42,1,0,22.96,1,0,0.06,1,0,0.05,1,0,0.04,1,0,30.5,1,0,2277.0,1,0,87226.0,1,0,86.0,0,2,2.5,1,0,7.21,1,0,0.071,1,0
-0.9955213724144752,1,0,0.09453674981719912,1,0,93792.0,1,0,98.0,0,3,2.4,1,0,1.8,1,0,2.1,1,0,21.4,1,0,7.32,1,0,1.42,1,0,23.86,1,0,0.07,1,0,0.07,1,0,0.03,1,0,38.0,1,0,3562.0,1,0,81760.0,1,0,86.0,0,3,2.9,1,0,7.25,1,0,0.082,1,0
-0.9970011699250151,1,0,0.07738647923346301,1,0,91233.0,1,0,98.0,0,4,5.0,1,0,1.6,1,0,2.3,1,0,22.3,1,0,7.36,1,0,1.66,1,0,25.03,1,0,0.08,1,0,0.57,1,0,0.57,1,0,34.23,1,0,3201.0,1,0,91580.0,1,0,86.0,0,4,2.78,1,0,7.22,1,0,0.087,1,0
-0.9981855344718586,1,0,0.06021327736579302,1,0,104950.0,1,0,98.0,0,5,2.9,1,0,1.9,1,0,2.5,1,0,23.15,1,0,7.3,1,0,1.49,1,0,23.74,1,0,0.08,1,0,0.15,1,0,0.03,1,0,37.6,1,0,2539.0,1,0,96149.0,1,0,86.0,0,5,2.83,1,0,7.24,1,0,0.088,1,0
-0.99907411510223,1,0,0.04302223300453059,1,0,99140.0,1,0,98.0,0,6,3.0,1,0,2.3,1,0,2.9,1,0,23.95,1,0,7.33,1,0,1.58,1,0,23.31,1,0,0.09,1,0,0.17,1,0,0.04,1,0,38.16,1,0,3195.0,1,0,93920.0,1,0,86.0,0,6,2.77,1,0,7.2,1,0,0.083,1,0
-0.9996666485105112,1,0,0.02581844022713308,1,0,83244.0,1,0,93.0,1,0,2.2,1,0,1.7,1,0,1.86,1,0,24.65,1,0,7.36,1,0,1.44,1,0,23.82,1,0,0.08,1,0,0.11,1,0,0.04,1,0,32.0,1,0,2772.0,1,0,69546.0,1,0,85.0,1,0,3.03,1,0,7.22,1,0,0.093,1,0
-0.9999629591162655,1,0,0.008606996888688698,1,0,87695.0,1,0,93.0,0,1,2.5,1,0,1.5,1,0,2.04,1,0,23.7,1,0,7.37,1,0,1.55,1,0,24.73,1,0,0.08,1,0,0.15,1,0,0.04,1,0,39.3,1,0,1742.0,1,0,82046.0,1,0,85.0,0,1,2.89,1,0,7.24,1,0,0.122,1,0
-0.9999629591162655,1,0,-0.008606996888688009,1,0,100931.0,1,0,93.0,0,2,2.1,1,0,1.4,1,0,1.8,1,0,21.75,1,0,7.36,1,0,1.55,1,0,23.47,1,0,0.08,1,0,0.3,1,0,0.03,1,0,37.83,1,0,4120.0,1,0,94180.0,1,0,85.0,0,2,2.65,1,0,7.25,1,0,0.113,1,0
-0.9996666485105112,1,0,-0.02581844022713239,1,0,107423.0,1,0,93.0,0,3,2.2,1,0,1.4,1,0,1.74,1,0,21.2,1,0,7.29,1,0,1.46,1,0,26.79,1,0,0.09,1,0,0.04,1,0,0.03,1,0,31.33,1,0,2676.0,1,0,93421.0,1,0,85.0,0,3,2.53,1,0,7.21,1,0,0.079,1,0
-0.99907411510223,1,0,-0.04302223300453034,1,0,105215.0,1,0,93.0,0,4,3.2,1,0,1.6,1,0,1.66,1,0,22.4,1,0,7.29,1,0,1.61,1,0,24.86,1,0,0.09,1,0,0.16,1,0,0.04,1,0,36.8,1,0,3591.0,1,0,94701.0,1,0,85.0,0,4,2.56,1,0,7.23,1,0,0.061,1,0
-0.9981855344718586,1,0,-0.060213277365792774,1,0,111226.0,1,0,93.0,0,5,5.0,1,0,1.5,1,0,2.74,1,0,24.25,1,0,7.34,1,0,1.69,1,0,25.58,1,0,0.07,1,0,0.07,1,0,0.04,1,0,24.8,1,0,2802.0,1,0,97030.0,1,0,85.0,0,5,2.45,1,0,7.22,1,0,0.089,1,0
-0.9970011699250151,1,0,-0.07738647923346322,1,0,113937.0,1,0,93.0,0,6,3.7,1,0,1.9,1,0,2.63,1,0,24.7,1,0,7.29,1,0,1.61,1,0,25.26,1,0,0.08,1,0,0.25,1,0,0.04,1,0,28.2,1,0,3491.0,1,0,100124.0,1,0,85.0,0,6,2.51,1,0,7.21,1,0,0.1,1,0
-0.9955213724144752,1,0,-0.09453674981719933,1,0,89007.0,1,0,90.0,1,0,2.4,1,0,1.8,1,0,2.0,1,0,24.1,1,0,7.29,1,0,2.01,1,0,24.48,1,0,0.08,1,0,0.1,1,0,0.05,1,0,32.0,1,0,2959.0,1,0,75485.0,1,0,85.0,1,0,2.75,1,0,7.21,1,0,0.098,1,0
-0.9937465804361781,1,0,-0.11165900712169444,1,0,93118.0,1,0,90.0,0,1,2.8,1,0,1.5,1,0,1.9,1,0,22.9,1,0,7.27,1,0,1.72,1,0,24.16,1,0,0.07,1,0,0.08,1,0,0.05,1,0,36.0,1,0,2624.0,1,0,87444.0,1,0,85.0,0,1,2.24,1,0,7.2,1,0,0.094,1,0
-0.99167731989929,1,0,-0.12874817745258066,1,0,88066.0,1,0,90.0,0,2,2.3,1,0,1.4,1,0,1.72,1,0,20.85,1,0,7.26,1,0,2.02,1,0,25.81,1,0,0.07,1,0,0.38,1,0,0.04,1,0,39.0,1,0,3879.0,1,0,75337.0,1,0,85.0,0,2,2.71,1,0,7.17,1,0,0.069,1,0
-0.9893142039703664,1,0,-0.14579919691987442,1,0,95951.0,1,0,90.0,0,3,2.4,1,0,1.6,1,0,2.01,1,0,22.9,1,0,7.31,1,0,2.84,1,0,31.65,1,0,0.06,1,0,0.33,1,0,0.05,1,0,27.0,1,0,3808.0,1,0,87125.0,1,0,85.0,0,3,2.65,1,0,7.19,1,0,0.082,1,0
-0.9866579328916572,1,0,-0.16280701293851646,1,0,88888.0,1,0,90.0,0,4,2.9,1,0,1.5,1,0,2.1,1,0,23.0,1,0,7.32,1,0,2.8,1,0,23.15,1,0,0.04,1,0,0.12,1,0,0.05,1,0,28.0,1,0,3327.0,1,0,79886.0,1,0,85.0,0,4,2.77,1,0,7.19,1,0,0.093,1,0
-0.9837092937736098,1,0,-0.17976658572556214,1,0,81676.0,1,0,90.0,0,5,4.9,1,0,2.0,1,0,2.9,1,0,26.15,1,0,7.32,1,0,2.61,1,0,20.11,1,0,0.04,1,0,0.13,1,0,0.06,1,0,29.0,1,0,3247.0,1,0,75347.0,1,0,85.0,0,5,2.91,1,0,7.2,1,0,0.108,1,0
-0.9804691603616321,1,0,-0.19667288979357622,1,0,84563.0,1,0,90.0,0,6,7.8,1,0,2.4,1,0,4.8,1,0,26.3,1,0,7.3,1,0,2.66,1,0,21.7,1,0,0.04,1,0,0.23,1,0,0.07,1,0,27.0,1,0,3610.0,1,0,81621.0,1,0,85.0,0,6,2.85,1,0,7.19,1,0,0.11,1,0
-0.9769384927771817,1,0,-0.2135209154397959,1,0,100562.0,1,0,87.0,1,0,3.48,1,0,2.2,1,0,2.75,1,0,25.9,1,0,7.35,1,0,4.02,1,0,20.46,1,0,0.04,1,0,0.13,1,0,0.06,1,0,36.4,1,0,2898.0,1,0,96377.0,1,0,83.0,1,0,2.83,1,0,7.2,1,0,0.116,1,0
-0.973118337233262,1,0,-0.23030567023061196,1,0,102329.0,1,0,87.0,0,1,2.31,1,0,1.77,1,0,2.1,1,0,20.35,1,0,7.27,1,0,4.11,1,0,21.12,1,0,0.04,1,0,0.7,1,0,0.05,1,0,33.4,1,0,4091.0,1,0,96533.0,1,0,83.0,0,1,2.22,1,0,7.2,1,0,0.101,1,0
-0.9690098257244063,1,0,-0.24702218048093527,1,0,83384.0,1,0,87.0,0,2,4.3,1,0,1.8,1,0,2.6,1,0,21.3,1,0,7.36,1,0,4.28,1,0,19.87,1,0,0.04,1,0,0.13,1,0,0.06,1,0,26.0,1,0,3548.0,1,0,69261.0,1,0,83.0,0,2,3.23,1,0,7.19,1,0,0.086,1,0
-0.9646141756912435,1,0,-0.2636654927280072,1,0,78042.0,1,0,87.0,0,3,19.3,1,0,3.0,1,0,8.6,1,0,25.1,1,0,7.29,1,0,4.04,1,0,18.94,1,0,0.03,1,0,0.17,1,0,0.07,1,0,34.0,1,0,2308.0,1,0,73999.0,1,0,83.0,0,3,3.11,1,0,7.19,1,0,0.151,1,0
-0.9599326896597445,1,0,-0.2802306751992161,1,0,91215.0,1,0,87.0,0,4,3.7,1,0,2.7,1,0,3.15,1,0,24.2,1,0,7.33,1,0,3.7,1,0,19.62,1,0,0.03,1,0,0.15,1,0,0.06,1,0,38.3,1,0,3461.0,1,0,86211.0,1,0,83.0,0,4,2.82,1,0,7.23,1,0,0.114,1,0
-0.9549667548552553,1,0,-0.2967128192734901,1,0,88409.0,1,0,87.0,0,5,3.7,1,0,2.13,1,0,2.7,1,0,24.7,1,0,7.32,1,0,3.8,1,0,18.22,1,0,0.03,1,0,0.13,1,0,0.06,1,0,31.3,1,0,2614.0,1,0,82804.0,1,0,83.0,0,5,2.88,1,0,7.22,1,0,0.119,1,0
-0.9497178427914317,1,0,-0.3131070409358267,1,0,64550.0,1,0,87.0,0,6,3.13,1,0,1.9,1,0,2.41,1,0,24.35,1,0,7.34,1,0,4.13,1,0,19.85,1,0,0.04,1,0,0.16,1,0,0.06,1,0,34.3,1,0,3676.0,1,0,57934.0,1,0,83.0,0,6,3.08,1,0,7.25,1,0,0.111,1,0
-0.9441875088341994,1,0,-0.3294084822245302,1,0,89811.0,1,0,86.0,1,0,3.5,1,0,1.81,1,0,2.61,1,0,23.9,1,0,7.33,1,0,3.39,1,0,20.73,1,0,0.03,1,0,0.11,1,0,0.05,1,0,38.3,1,0,1774.0,1,0,83459.0,1,0,89.0,1,0,2.88,1,0,7.24,1,0,0.107,1,0
-0.9383773917408642,1,0,-0.3456123126707333,1,0,91356.0,1,0,86.0,0,1,2.8,1,0,1.7,1,0,2.3,1,0,23.55,1,0,7.35,1,0,4.44,1,0,19.39,1,0,0.03,1,0,0.11,1,0,0.05,1,0,40.0,1,0,3022.0,1,0,85185.0,1,0,89.0,0,1,2.93,1,0,7.24,1,0,0.109,1,0
-0.9322892131745134,1,0,-0.3617137307297674,1,0,98388.0,1,0,86.0,0,2,5.14,1,0,1.9,1,0,3.13,1,0,23.35,1,0,7.35,1,0,3.53,1,0,19.11,1,0,0.05,1,0,0.11,1,0,0.05,1,0,34.2,1,0,4099.0,1,0,89881.0,1,0,89.0,0,2,2.74,1,0,7.24,1,0,0.092,1,0
-0.9259247771938499,1,0,-0.37770796520396466,1,0,100098.0,1,0,86.0,0,3,3.17,1,0,2.23,1,0,2.57,1,0,24.05,1,0,7.32,1,0,3.9,1,0,18.79,1,0,0.04,1,0,0.11,1,0,0.05,1,0,23.9,1,0,4283.0,1,0,92257.0,1,0,89.0,0,3,2.75,1,0,7.2,1,0,0.105,1,0
-0.9192859697186105,1,0,-0.39359027665646645,1,0,88710.0,1,0,86.0,0,4,2.59,1,0,1.5,1,0,1.91,1,0,23.65,1,0,7.37,1,0,3.94,1,0,20.02,1,0,0.06,1,0,0.1,1,0,0.05,1,0,27.1,1,0,4906.0,1,0,77117.0,1,0,89.0,0,4,3.14,1,0,7.24,1,0,0.112,1,0
-0.9123747579707274,1,0,-0.4093559588156211,1,0,65709.0,1,0,86.0,0,5,1.8,1,0,1.4,1,0,1.59,1,0,24.1,1,0,7.28,1,0,3.72,1,0,18.91,1,0,0.06,1,0,0.11,1,0,0.05,1,0,24.6,1,0,2980.0,1,0,57944.0,1,0,89.0,0,5,2.83,1,0,7.22,1,0,0.097,1,0
-0.9051931898913975,1,0,-0.42500033996955394,1,0,77878.0,1,0,86.0,0,6,2.7,1,0,1.5,1,0,2.0,1,0,24.4,1,0,7.3,1,0,3.7,1,0,19.44,1,0,0.06,1,0,0.18,1,0,0.05,1,0,34.17,1,0,2902.0,1,0,70062.0,1,0,89.0,0,6,2.93,1,0,7.22,1,0,0.1,1,0
-0.8977433935342336,1,0,-0.4405187843504952,1,0,80402.0,1,0,88.0,1,0,2.9,1,0,1.6,1,0,2.03,1,0,24.4,1,0,7.28,1,0,3.91,1,0,19.54,1,0,0.06,1,0,0.1,1,0,0.05,1,0,26.4,1,0,3322.0,1,0,74795.0,1,0,85.0,1,0,3.12,1,0,7.21,1,0,0.098,1,0
-0.8900275764346766,1,0,-0.455906693508459,1,0,81201.0,1,0,88.0,0,1,2.6,1,0,1.4,1,0,1.92,1,0,24.6,1,0,7.29,1,0,3.85,1,0,18.82,1,0,0.06,1,0,0.14,1,0,0.05,1,0,31.6,1,0,2391.0,1,0,71967.0,1,0,85.0,0,1,3.41,1,0,7.21,1,0,0.106,1,0
-0.8820480249558535,1,0,-0.47115950767386394,1,0,80616.0,1,0,88.0,0,2,1.8,1,0,1.5,1,0,1.62,1,0,24.55,1,0,7.38,1,0,4.29,1,0,19.01,1,0,0.06,1,0,0.17,1,0,0.05,1,0,39.14,1,0,3580.0,1,0,70996.0,1,0,85.0,0,2,2.32,1,0,7.22,1,0,0.1,1,0
-0.8738071036110807,1,0,-0.4862727071086902,1,0,65691.0,1,0,88.0,0,3,3.04,1,0,2.0,1,0,2.4,1,0,23.5,1,0,7.27,1,0,3.82,1,0,17.98,1,0,0.07,1,0,0.13,1,0,0.06,1,0,30.6,1,0,3066.0,1,0,61137.0,1,0,85.0,0,3,3.02,1,0,7.19,1,0,0.088,1,0
-0.8653072543632061,1,0,-0.5012418134457756,1,0,84592.0,1,0,88.0,0,4,3.5,1,0,2.1,1,0,2.76,1,0,24.25,1,0,7.32,1,0,4.33,1,0,20.48,1,0,0.06,1,0,0.16,1,0,0.06,1,0,29.25,1,0,2699.0,1,0,72897.0,1,0,85.0,0,4,3.06,1,0,7.22,1,0,0.082,1,0
-0.8565509959010037,1,0,-0.5160623910158526,1,0,83428.0,1,0,88.0,0,5,3.2,1,0,1.8,1,0,2.4,1,0,24.05,1,0,7.35,1,0,4.14,1,0,18.73,1,0,0.06,1,0,0.15,1,0,0.06,1,0,25.6,1,0,3280.0,1,0,76595.0,1,0,85.0,0,5,2.76,1,0,7.24,1,0,0.086,1,0
-0.8475409228928312,1,0,-0.5307300481619331,1,0,79436.0,1,0,88.0,0,6,3.0,1,0,1.6,1,0,2.26,1,0,24.05,1,0,7.29,1,0,3.3,1,0,20.47,1,0,0.07,1,0,0.21,1,0,0.06,1,0,36.0,1,0,2470.0,1,0,74374.0,1,0,85.0,0,6,2.87,1,0,7.26,1,0,0.091,1,0
-0.8382797052177745,1,0,-0.5452404385406507,1,0,81996.0,1,0,88.0,0,7,4.0,1,0,2.2,1,0,3.1,1,0,24.1,1,0,7.37,1,0,3.06,1,0,20.75,1,0,0.07,1,0,0.16,1,0,0.07,1,0,43.0,1,0,2966.0,1,0,75521.0,1,0,85.0,0,7,2.83,1,0,7.29,1,0,0.093,1,0
-0.828770087174504,1,0,-0.5595892624101763,1,0,87741.0,1,0,90.0,1,0,3.9,1,0,2.0,1,0,3.0,1,0,24.2,1,0,7.36,1,0,3.22,1,0,19.87,1,0,0.06,1,0,0.16,1,0,0.07,1,0,39.0,1,0,2389.0,1,0,78594.0,1,0,84.0,1,0,2.95,1,0,7.28,1,0,0.095,1,0
-0.8190148866680802,1,0,-0.5737722679043243,1,0,87832.0,1,0,90.0,0,1,3.8,1,0,2.0,1,0,2.8,1,0,24.85,1,0,7.36,1,0,3.29,1,0,19.18,1,0,0.06,1,0,0.19,1,0,0.07,1,0,43.0,1,0,2984.0,1,0,82390.0,1,0,84.0,0,1,2.67,1,0,7.26,1,0,0.093,1,0
-0.8090169943749472,1,0,-0.5877852522924734,1,0,89092.0,1,0,90.0,0,2,4.7,1,0,2.2,1,0,3.64,1,0,25.0,1,0,7.36,1,0,3.09,1,0,18.91,1,0,0.06,1,0,0.27,1,0,0.09,1,0,43.6,1,0,3629.0,1,0,83111.0,1,0,84.0,0,2,2.44,1,0,7.3,1,0,0.11,1,0
-0.7987793728863648,1,0,-0.6016240632249227,1,0,92248.0,1,0,90.0,0,3,4.5,1,0,2.3,1,0,3.0,1,0,25.3,1,0,7.31,1,0,2.9,1,0,17.96,1,0,0.03,1,0,0.25,1,0,0.1,1,0,39.0,1,0,1875.0,1,0,81380.0,1,0,84.0,0,3,2.74,1,0,7.31,1,0,0.135,1,0
-0.7883050558305253,1,0,-0.6152845999633277,1,0,94523.0,1,0,90.0,0,4,4.6,1,0,2.3,1,0,3.4,1,0,25.8,1,0,7.3,1,0,2.83,1,0,18.46,1,0,0.03,1,0,0.34,1,0,0.12,1,0,44.0,1,0,3802.0,1,0,82964.0,1,0,84.0,0,4,2.72,1,0,7.29,1,0,0.109,1,0
-0.7775971469736268,1,0,-0.6287628145958345,1,0,89418.0,1,0,90.0,0,5,4.3,1,0,2.2,1,0,2.4,1,0,26.1,1,0,7.33,1,0,2.68,1,0,16.86,1,0,0.03,1,0,0.29,1,0,0.1,1,0,19.0,1,0,3295.0,1,0,82189.0,1,0,84.0,0,5,2.57,1,0,7.27,1,0,0.095,1,0
-0.7666588193001592,1,0,-0.6420547132365636,1,0,99161.0,1,0,83.0,1,0,5.3,1,0,2.1,1,0,3.3,1,0,26.55,1,0,7.29,1,0,2.24,1,0,19.12,1,0,0.04,1,0,0.33,1,0,0.08,1,0,38.0,1,0,3729.0,1,0,89864.0,1,0,81.0,1,0,2.75,1,0,7.27,1,0,0.106,1,0
-0.7554933140726804,1,0,-0.655156357209085,1,0,99993.0,1,0,83.0,0,1,3.1,1,0,2.1,1,0,2.7,1,0,26.4,1,0,7.3,1,0,2.45,1,0,21.47,1,0,0.04,1,0,0.32,1,0,0.07,1,0,27.0,1,0,4120.0,1,0,87739.0,1,0,81.0,0,1,2.72,1,0,7.25,1,0,0.125,1,0
-0.7441039398713608,1,0,-0.6680638642135333,1,0,89106.0,1,0,83.0,0,2,3.2,1,0,2.2,1,0,2.7,1,0,26.4,1,0,7.34,1,0,3.33,1,0,23.06,1,0,0.04,1,0,0.2,1,0,0.07,1,0,31.0,1,0,3068.0,1,0,76271.0,1,0,81.0,0,2,2.9,1,0,7.29,1,0,0.106,1,0
-0.7324940716135792,1,0,-0.6807734094770159,1,0,87326.0,1,0,83.0,0,3,5.2,1,0,2.5,1,0,3.7,1,0,27.05,1,0,7.45,1,0,2.73,1,0,23.18,1,0,0.03,1,0,0.26,1,0,0.08,1,0,45.0,1,0,2477.0,1,0,78078.0,1,0,81.0,0,3,2.66,1,0,7.38,1,0,0.099,1,0
-0.7206671495538615,1,0,-0.6932812268869771,1,0,98498.0,1,0,83.0,0,4,4.3,1,0,2.8,1,0,3.6,1,0,26.7,1,0,7.41,1,0,2.4,1,0,27.06,1,0,0.05,1,0,0.21,1,0,0.08,1,0,43.0,1,0,2965.0,1,0,85152.0,1,0,81.0,0,4,2.72,1,0,7.37,1,0,0.158,1,0
-0.70862667826446,1,0,-0.7055836101071774,1,0,91377.0,1,0,83.0,0,5,3.7,1,0,2.3,1,0,3.1,1,0,26.35,1,0,7.4,1,0,3.09,1,0,26.93,1,0,0.05,1,0,0.15,1,0,0.08,1,0,35.0,1,0,2735.0,1,0,81380.0,1,0,81.0,0,5,2.7,1,0,7.36,1,0,0.112,1,0
-0.6963762255968726,1,0,-0.7176769136759615,1,0,84353.0,1,0,83.0,0,6,4.3,1,0,2.4,1,0,3.4,1,0,25.95,1,0,7.44,1,0,3.72,1,0,27.43,1,0,0.05,1,0,0.19,1,0,0.09,1,0,32.0,1,0,2916.0,1,0,77051.0,1,0,81.0,0,6,2.93,1,0,7.37,1,0,0.122,1,0
-0.6839194216246105,1,0,-0.7295575540864876,1,0,86741.0,1,0,84.0,1,0,4.6,1,0,3.0,1,0,3.7,1,0,26.2,1,0,7.4,1,0,3.74,1,0,27.78,1,0,0.04,1,0,0.21,1,0,0.1,1,0,42.0,1,0,3502.0,1,0,80071.0,1,0,79.0,1,0,2.99,1,0,7.34,1,0,0.116,1,0
-0.6712599575675315,1,0,-0.7412220108485957,1,0,74548.0,1,0,84.0,0,1,6.2,1,0,2.9,1,0,4.3,1,0,25.3,1,0,7.38,1,0,3.23,1,0,25.87,1,0,0.04,1,0,0.37,1,0,0.09,1,0,31.83,1,0,3607.0,1,0,61788.0,1,0,79.0,0,1,3.18,1,0,7.32,1,0,0.077,1,0
-0.6584015846980489,1,0,-0.7526668275320083,1,0,61467.0,1,0,84.0,0,2,4.7,1,0,3.3,1,0,3.7,1,0,24.9,1,0,7.34,1,0,2.3,1,0,27.19,1,0,0.04,1,0,0.26,1,0,0.1,1,0,27.0,1,0,2968.0,1,0,54185.0,1,0,79.0,0,2,2.32,1,0,7.29,1,0,0.087,1,0
-0.64534811322955,1,0,-0.7638886127905429,1,0,65180.0,1,0,84.0,0,3,4.5,1,0,3.1,1,0,3.8,1,0,24.35,1,0,7.39,1,0,3.25,1,0,32.14,1,0,0.04,1,0,0.15,1,0,0.08,1,0,33.0,1,0,2900.0,1,0,59406.0,1,0,79.0,0,3,2.03,1,0,7.29,1,0,0.083,1,0
-0.6321034111873488,1,0,-0.7748840413670406,1,0,81231.0,1,0,84.0,0,4,4.6,1,0,3.1,1,0,3.8,1,0,24.0,1,0,7.35,1,0,3.26,1,0,30.84,1,0,0.03,1,0,0.14,1,0,0.05,1,0,38.0,1,0,2623.0,1,0,73461.0,1,0,79.0,0,4,1.99,1,0,7.27,1,0,0.078,1,0
-0.6186714032625032,1,0,-0.7856498550787144,1,0,76416.0,1,0,84.0,0,5,7.9,1,0,2.7,1,0,4.3,1,0,24.2,1,0,7.38,1,0,3.0,1,0,32.14,1,0,0.04,1,0,0.13,1,0,0.07,1,0,29.0,1,0,2266.0,1,0,68325.0,1,0,79.0,0,5,2.0,1,0,7.29,1,0,0.076,1,0
-0.6050560696488494,1,0,-0.7961828637826154,1,0,79201.0,1,0,84.0,0,6,6.7,1,0,4.0,1,0,5.64,1,0,24.2,1,0,7.36,1,0,2.78,1,0,31.32,1,0,0.04,1,0,0.18,1,0,0.08,1,0,43.0,1,0,3187.0,1,0,74760.0,1,0,79.0,0,6,1.8,1,0,7.3,1,0,0.082,1,0
-0.5912614448635782,1,0,-0.8064799463209447,1,0,84934.0,1,0,82.0,1,0,7.1,1,0,4.2,1,0,5.28,1,0,23.75,1,0,7.41,1,0,3.22,1,0,29.76,1,0,0.04,1,0,0.23,1,0,0.09,1,0,33.5,1,0,2881.0,1,0,75181.0,1,0,86.0,1,0,2.39,1,0,7.33,1,0,0.09,1,0
-0.5772916165517278,1,0,-0.8165380514459157,1,0,84913.0,1,0,82.0,0,1,5.7,1,0,3.9,1,0,4.74,1,0,23.15,1,0,7.4,1,0,2.42,1,0,30.08,1,0,0.04,1,0,0.17,1,0,0.08,1,0,32.4,1,0,2958.0,1,0,78800.0,1,0,86.0,0,1,2.63,1,0,7.34,1,0,0.099,1,0
-0.5631507242749187,1,0,-0.8263541987239094,1,0,93324.0,1,0,82.0,0,2,6.1,1,0,3.7,1,0,7.93,1,0,22.4,1,0,7.33,1,0,2.57,1,0,31.29,1,0,0.03,1,0,0.12,1,0,0.07,1,0,39.66,1,0,3679.0,1,0,82063.0,1,0,86.0,0,2,2.57,1,0,7.29,1,0,0.092,1,0
-0.5488429582847199,1,0,-0.8359254794186365,1,0,77569.0,1,0,82.0,0,3,15.1,1,0,4.7,1,0,9.8,1,0,22.2,1,0,7.27,1,0,2.73,1,0,26.51,1,0,0.03,1,0,0.12,1,0,0.07,1,0,28.4,1,0,3245.0,1,0,63398.0,1,0,86.0,0,3,3.2,1,0,7.2,1,0,0.072,1,0
-0.5343725582809785,1,0,-0.8452490573530634,1,0,78287.0,1,0,82.0,0,4,7.6,1,0,4.5,1,0,6.46,1,0,21.85,1,0,7.14,1,0,2.7,1,0,33.06,1,0,0.04,1,0,0.38,1,0,0.06,1,0,38.8,1,0,2685.0,1,0,73593.0,1,0,86.0,0,4,2.63,1,0,7.08,1,0,0.069,1,0
-0.5197438121555157,1,0,-0.8543221697498269,1,0,86188.0,1,0,82.0,0,5,7.0,1,0,3.7,1,0,4.89,1,0,21.3,1,0,7.16,1,0,1.96,1,0,30.2,1,0,0.04,1,0,0.13,1,0,0.06,1,0,41.75,1,0,2444.0,1,0,75644.0,1,0,86.0,0,5,2.6,1,0,7.11,1,0,0.077,1,0
-0.5049610547215202,1,0,-0.8631421280499115,1,0,84204.0,1,0,82.0,0,6,5.2,1,0,3.8,1,0,4.35,1,0,21.4,1,0,7.15,1,0,2.26,1,0,30.9,1,0,0.03,1,0,0.11,1,0,0.06,1,0,38.4,1,0,3045.0,1,0,76194.0,1,0,86.0,0,6,2.51,1,0,7.08,1,0,0.092,1,0
-0.4900286664290594,1,0,-0.8717063187093217,1,0,86911.0,1,0,82.0,0,7,5.2,1,0,3.9,1,0,4.6,1,0,21.65,1,0,7.19,1,0,2.11,1,0,33.29,1,0,0.03,1,0,0.11,1,0,0.03,1,0,40.0,1,0,1816.0,1,0,79308.0,1,0,86.0,0,7,2.48,1,0,7.08,1,0,0.064,1,0
-0.4749510720670502,1,0,-0.8800122039735356,1,0,84582.0,1,0,80.0,1,0,5.7,1,0,3.2,1,0,4.1,1,0,22.2,1,0,7.17,1,0,1.67,1,0,31.3,1,0,0.02,1,0,0.09,1,0,0.06,1,0,47.0,1,0,2378.0,1,0,76467.0,1,0,76.0,1,0,2.46,1,0,7.08,1,0,0.071,1,0
-0.4597327394521046,1,0,-0.888057322629493,1,0,87873.0,1,0,80.0,0,1,5.8,1,0,3.4,1,0,4.2,1,0,22.25,1,0,7.11,1,0,2.33,1,0,29.61,1,0,0.05,1,0,0.19,1,0,0.06,1,0,37.6,1,0,3231.0,1,0,81597.0,1,0,76.0,0,1,2.43,1,0,7.05,1,0,0.059,1,0
-0.4443781781046134,1,0,-0.8958392907349089,1,0,76391.0,1,0,80.0,0,2,6.5,1,0,4.2,1,0,5.16,1,0,22.3,1,0,7.08,1,0,2.12,1,0,30.99,1,0,0.04,1,0,0.14,1,0,0.07,1,0,33.6,1,0,3400.0,1,0,70300.0,1,0,76.0,0,2,2.64,1,0,7.04,1,0,0.068,1,0
-0.4288919379124841,1,0,-0.9033558023246842,1,0,78149.0,1,0,80.0,0,3,70.7,1,0,4.2,1,0,29.8,1,0,21.6,1,0,7.13,1,0,1.26,1,0,31.56,1,0,0.03,1,0,0.18,1,0,0.08,1,0,34.0,1,0,2334.0,1,0,70833.0,1,0,76.0,0,3,2.72,1,0,7.05,1,0,0.067,1,0
-0.41327860778290443,1,0,-0.9106046300942162,1,0,75674.0,1,0,80.0,0,4,18.1,1,0,10.3,1,0,14.5,1,0,20.95,1,0,7.09,1,0,1.49,1,0,31.08,1,0,0.03,1,0,0.26,1,0,0.09,1,0,35.0,1,0,2351.0,1,0,66913.0,1,0,76.0,0,4,2.81,1,0,7.03,1,0,0.061,1,0
-0.3975428142825566,1,0,-0.9175836260593934,1,0,77464.0,1,0,80.0,0,5,10.5,1,0,7.5,1,0,8.6,1,0,20.6,1,0,7.12,1,0,1.36,1,0,32.63,1,0,0.04,1,0,0.15,1,0,0.07,1,0,46.0,1,0,2408.0,1,0,72767.0,1,0,76.0,0,5,2.62,1,0,7.04,1,0,0.059,1,0
-0.3816892202666586,1,0,-0.9242907221930934,1,0,81937.0,1,0,81.0,1,0,8.1,1,0,6.1,1,0,7.2,1,0,20.25,1,0,7.12,1,0,2.5,1,0,31.15,1,0,0.04,1,0,0.1,1,0,0.06,1,0,38.8,1,0,3679.0,1,0,72778.0,1,0,77.0,1,0,2.58,1,0,7.04,1,0,0.061,1,0
-0.3657225234972692,1,0,-0.9307239310379793,1,0,80242.0,1,0,81.0,0,1,6.3,1,0,5.1,1,0,5.64,1,0,20.25,1,0,7.22,1,0,2.46,1,0,17.78,1,0,0.03,1,0,0.09,1,0,0.05,1,0,35.6,1,0,2296.0,1,0,75563.0,1,0,77.0,0,1,2.46,1,0,7.12,1,0,0.072,1,0
-0.34964745525122826,1,0,-0.9368813462954315,1,0,76809.0,1,0,81.0,0,2,5.3,1,0,4.0,1,0,4.7,1,0,20.5,1,0,7.26,1,0,2.29,1,0,32.3,1,0,0.04,1,0,0.07,1,0,0.05,1,0,35.0,1,0,1759.0,1,0,69562.0,1,0,77.0,0,2,2.61,1,0,7.17,1,0,0.086,1,0
-0.33346877891818705,1,0,-0.9427611433904206,1,0,82030.0,1,0,81.0,0,3,6.2,1,0,3.7,1,0,4.9,1,0,20.5,1,0,7.2,1,0,2.06,1,0,31.46,1,0,0.03,1,0,0.07,1,0,0.04,1,0,44.0,1,0,3061.0,1,0,75824.0,1,0,77.0,0,3,2.39,1,0,7.14,1,0,0.065,1,0
-0.31719128858910595,1,0,-0.9483615800121716,1,0,83915.0,1,0,81.0,0,4,6.5,1,0,3.9,1,0,4.65,1,0,20.5,1,0,7.23,1,0,1.67,1,0,30.24,1,0,0.03,1,0,0.09,1,0,0.04,1,0,39.5,1,0,2843.0,1,0,76879.0,1,0,77.0,0,4,2.41,1,0,7.16,1,0,0.059,1,0
-0.300819807635668,1,0,-0.9536809966304455,1,0,71765.0,1,0,81.0,0,5,4.4,1,0,3.2,1,0,3.8,1,0,20.5,1,0,7.23,1,0,1.57,1,0,28.1,1,0,0.03,1,0,0.08,1,0,0.05,1,0,39.0,1,0,3067.0,1,0,63846.0,1,0,77.0,0,5,2.62,1,0,7.18,1,0,0.082,1,0
-0.2843591872810036,1,0,-0.9587178169872964,1,0,78886.0,1,0,81.0,0,6,5.5,1,0,2.8,1,0,4.0,1,0,20.7,1,0,7.25,1,0,1.72,1,0,28.28,1,0,0.03,1,0,0.12,1,0,0.05,1,0,37.0,1,0,1951.0,1,0,73409.0,1,0,77.0,0,6,2.37,1,0,7.13,1,0,0.071,1,0
-0.26781430516217486,1,0,-0.9634705485641486,1,0,86512.0,1,0,85.0,1,0,4.6,1,0,2.7,1,0,3.7,1,0,20.9,1,0,7.23,1,0,1.2,1,0,28.49,1,0,0.02,1,0,0.14,1,0,0.05,1,0,40.6,1,0,2762.0,1,0,79808.0,1,0,80.0,1,0,2.3,1,0,7.05,1,0,0.085,1,0
-0.25119006388481957,1,0,-0.9679377830240642,1,0,85354.0,1,0,85.0,0,1,4.5,1,0,2.9,1,0,3.48,1,0,21.35,1,0,7.43,1,0,1.06,1,0,29.27,1,0,0.02,1,0,0.14,0,1,0.05,0,1,34.8,1,0,2770.0,1,0,80194.0,1,0,80.0,0,1,2.19,1,0,7.23,1,0,0.104,1,0
-0.23449138957041052,1,0,-0.9721181966290612,1,0,90581.0,1,0,85.0,0,2,4.0,1,0,2.7,1,0,3.2,1,0,23.1,1,0,7.45,1,0,1.39,1,0,27.23,1,0,0.02,1,0,0.15,1,0,0.05,1,0,31.6,1,0,2631.0,1,0,79206.0,1,0,80.0,0,2,2.25,1,0,7.25,1,0,0.107,1,0
-0.21772323039653224,1,0,-0.9760105506323682,1,0,87050.0,1,0,85.0,0,3,4.4,1,0,2.9,1,0,3.5,1,0,22.5,1,0,7.4,1,0,1.03,1,0,27.74,1,0,0.02,1,0,0.18,1,0,0.05,1,0,33.0,1,0,2694.0,1,0,79310.0,1,0,80.0,0,3,2.27,1,0,7.23,1,0,0.106,1,0
-0.20089055513063528,1,0,-0.9796136916454901,1,0,85047.0,1,0,85.0,0,4,3.6,1,0,2.7,1,0,3.1,1,0,21.4,1,0,7.54,1,0,1.91,1,0,28.16,1,0,0.02,1,0,0.57,1,0,0.05,1,0,38.25,1,0,2178.0,1,0,80427.0,1,0,80.0,0,4,2.16,1,0,7.36,1,0,0.121,1,0
-0.18399835165767986,1,0,-0.9829265519799822,1,0,81459.0,1,0,85.0,0,5,4.5,1,0,2.1,1,0,3.49,1,0,21.85,1,0,7.65,1,0,1.3,1,0,27.6,1,0,0.02,1,0,0.33,1,0,0.05,1,0,41.66,1,0,2921.0,1,0,74350.0,1,0,80.0,0,5,2.34,1,0,7.47,1,0,0.107,1,0
-0.1670516255021195,1,0,-0.9859481499638303,1,0,69820.0,1,0,85.0,0,6,5.7,1,0,2.04,1,0,3.68,1,0,21.5,1,0,7.63,1,0,2.02,1,0,29.9,1,0,0.03,1,0,0.11,1,0,0.06,1,0,36.5,1,0,1943.0,1,0,63467.0,1,0,80.0,0,6,2.78,1,0,7.48,1,0,0.105,1,0
-0.15005539834465262,1,0,-0.9886775902323404,1,0,66712.0,1,0,85.0,1,0,8.8,1,0,4.1,1,0,6.42,1,0,21.6,1,0,7.46,1,0,1.58,1,0,26.14,1,0,0.02,1,0,0.15,1,0,0.07,1,0,42.6,1,0,2915.0,1,0,58900.0,1,0,81.0,1,0,1.71,1,0,7.34,1,0,0.079,1,0
-0.13301470653419636,1,0,-0.9911140639934546,1,0,75060.0,1,0,85.0,0,1,7.1,1,0,3.5,1,0,5.09,1,0,22.45,1,0,7.46,1,0,1.78,1,0,27.18,1,0,0.02,1,0,0.13,1,0,0.06,1,0,41.6,1,0,1369.0,1,0,67945.0,1,0,81.0,0,1,2.3,1,0,7.33,1,0,0.11,1,0
-0.11593459959550066,1,0,-0.9932568492674143,1,0,57527.0,1,0,85.0,0,2,3.6,1,0,2.7,1,0,3.14,1,0,21.3,1,0,7.52,1,0,1.35,1,0,26.47,1,0,0.03,1,0,0.12,1,0,0.06,1,0,42.25,1,0,2293.0,1,0,53148.0,1,0,81.0,0,2,2.78,1,0,7.4,1,0,0.106,1,0
-0.09882013873287211,1,0,-0.9951053111006974,1,0,62834.0,1,0,85.0,0,3,5.2,1,0,2.2,1,0,2.94,1,0,21.25,1,0,7.48,1,0,1.8,1,0,28.72,1,0,0.02,1,0,0.15,1,0,0.07,1,0,38.5,1,0,2109.0,1,0,58795.0,1,0,81.0,0,3,2.61,1,0,7.41,1,0,0.122,1,0
-0.08167639533042288,1,0,-0.99665890175417,1,0,76582.0,1,0,85.0,0,4,5.1,1,0,2.3,1,0,3.5,1,0,21.25,1,0,7.56,1,0,1.84,1,0,24.29,1,0,0.02,1,0,0.12,1,0,0.06,1,0,36.75,1,0,2143.0,1,0,66123.0,1,0,81.0,0,4,2.37,1,0,7.43,1,0,0.116,1,0
-0.06450844944931625,1,0,-0.9979171608653922,1,0,74547.0,1,0,85.0,0,5,5.3,1,0,3.0,1,0,4.05,1,0,21.3,1,0,7.42,1,0,1.51,1,0,28.48,1,0,0.02,1,0,0.13,1,0,0.07,1,0,36.5,1,0,3748.0,1,0,68840.0,1,0,81.0,0,5,2.43,1,0,7.32,1,0,0.118,1,0
-0.04732138832243232,1,0,-0.9988797155850335,1,0,73657.0,1,0,85.0,0,6,4.9,1,0,2.8,1,0,3.54,1,0,21.2,1,0,7.46,1,0,1.44,1,0,27.48,1,0,0.02,1,0,0.15,1,0,0.06,1,0,40.0,1,0,1579.0,1,0,70214.0,1,0,81.0,0,6,2.34,1,0,7.36,1,0,0.108,1,0
-0.03012030484690836,1,0,-0.9995462806873573,1,0,78422.0,1,0,83.0,1,0,4.6,1,0,2.1,1,0,3.3,1,0,21.6,1,0,7.5,1,0,1.44,1,0,28.44,1,0,0.02,1,0,0.15,1,0,0.07,1,0,41.0,1,0,2779.0,1,0,72591.0,1,0,78.0,1,0,2.49,1,0,7.39,1,0,0.113,1,0
-0.012910296075008843,1,0,-0.9999166586547379,1,0,79570.0,1,0,83.0,0,1,5.66,1,0,2.5,1,0,3.4,1,0,21.5,1,0,7.45,1,0,1.51,1,0,26.4,1,0,0.02,1,0,0.13,1,0,0.07,1,0,30.0,1,0,3264.0,1,0,74742.0,1,0,78.0,0,1,2.41,1,0,7.34,1,0,0.094,1,0
0.004303538296243821,1,0,-0.9999907397361901,1,0,80844.0,1,0,83.0,0,2,6.8,1,0,2.5,1,0,4.52,1,0,21.5,1,0,7.39,1,0,2.35,1,0,25.27,1,0,0.02,1,0,0.15,1,0,0.07,1,0,32.3,1,0,3243.0,1,0,74596.0,1,0,78.0,0,2,2.16,1,0,7.32,1,0,0.103,1,0
0.021516097436222233,1,0,-0.9997685019798909,1,0,75165.0,1,0,83.0,0,3,6.0,1,0,3.7,1,0,4.47,1,0,21.05,1,0,7.45,1,0,2.91,1,0,27.62,1,0,0.02,1,0,0.15,1,0,0.07,1,0,32.25,1,0,2681.0,1,0,69583.0,1,0,78.0,0,3,2.44,1,0,7.29,1,0,0.111,1,0
0.03872228089217399,1,0,-0.9992500112396835,1,0,83275.0,1,0,83.0,0,4,5.5,1,0,2.6,1,0,4.0,1,0,21.1,1,0,7.41,1,0,2.54,1,0,24.83,1,0,0.02,1,0,0.13,1,0,0.07,1,0,38.0,1,0,2690.0,1,0,70554.0,1,0,78.0,0,4,2.5,1,0,7.28,1,0,0.095,1,0
0.05591699010060302,1,0,-0.9984354211555643,1,0,86479.0,1,0,83.0,0,5,4.8,1,0,2.4,1,0,3.4,1,0,21.0,1,0,7.43,1,0,2.77,1,0,27.15,1,0,0.02,1,0,0.1,1,0,0.06,1,0,30.0,1,0,2155.0,1,0,70025.0,1,0,78.0,0,5,2.5,1,0,7.28,1,0,0.1,1,0
0.07309512989807776,1,0,-0.9973249731081555,1,0,86189.0,1,0,83.0,0,6,5.9,1,0,2.6,1,0,4.0,1,0,21.3,1,0,7.45,1,0,2.04,1,0,26.69,1,0,0.02,1,0,0.12,1,0,0.06,1,0,43.0,1,0,2753.0,1,0,73360.0,1,0,78.0,0,6,2.32,1,0,7.3,1,0,0.098,1,0
0.0902516100310407,1,0,-0.9959189961471792,1,0,86659.0,1,0,87.0,1,0,5.1,1,0,3.0,1,0,4.2,1,0,21.45,1,0,7.46,1,0,2.4,1,0,25.89,1,0,0.02,1,0,0.11,1,0,0.06,1,0,38.33,1,0,2745.0,1,0,72099.0,1,0,82.0,1,0,2.48,1,0,7.31,1,0,0.103,1,0
0.10738134666416306,1,0,-0.994217906893952,1,0,73657.0,1,0,87.0,0,1,15.4,1,0,3.8,1,0,8.6,1,0,21.5,1,0,7.4,1,0,2.92,1,0,28.87,1,0,0.02,1,0,0.14,1,0,0.06,1,0,31.8,1,0,2769.0,1,0,57070.0,1,0,82.0,0,1,2.6,1,0,7.25,1,0,0.101,1,0
0.12447926388678869,1,0,-0.9922222094179324,1,0,83114.0,1,0,87.0,0,2,8.4,1,0,4.2,1,0,5.0,1,0,21.05,1,0,7.47,1,0,2.32,1,0,31.44,1,0,0.02,1,0,0.13,1,0,0.05,1,0,42.0,1,0,1770.0,1,0,69348.0,1,0,82.0,0,2,2.32,1,0,7.34,1,0,0.122,1,0
0.141540295217043,1,0,-0.989932495087353,1,0,86426.0,1,0,87.0,0,3,5.0,1,0,3.4,1,0,4.2,1,0,20.2,1,0,7.57,1,0,2.9,1,0,27.17,1,0,0.01,1,0,0.09,1,0,0.05,1,0,40.0,1,0,2816.0,1,0,69679.0,1,0,82.0,0,3,2.19,1,0,7.44,1,0,0.163,1,0
0.15855938510313475,1,0,-0.9873494423939864,1,0,86238.0,1,0,87.0,0,4,15.4,1,0,2.9,1,0,5.4,1,0,19.75,1,0,7.51,1,0,2.82,1,0,26.35,1,0,0.02,1,0,0.07,1,0,0.04,1,0,27.0,1,0,3826.0,1,0,69109.0,1,0,82.0,0,4,2.29,1,0,7.39,1,0,0.154,1,0
0.17553149042142777,1,0,-0.9844738167520923,1,0,81280.0,1,0,87.0,0,5,12.1,1,0,4.1,1,0,7.2,1,0,19.3,1,0,7.48,1,0,2.91,1,0,24.9,1,0,0.01,1,0,0.12,1,0,0.04,1,0,30.0,1,0,4393.0,1,0,63507.0,1,0,82.0,0,5,2.35,1,0,7.35,1,0,0.126,1,0
0.19245158197082995,1,0,-0.9813064702716093,1,0,79055.0,1,0,87.0,0,6,4.7,1,0,3.1,1,0,3.6,1,0,18.9,1,0,7.47,1,0,2.81,1,0,24.09,1,0,0.02,1,0,0.08,1,0,0.05,1,0,36.7,1,0,2230.0,1,0,62746.0,1,0,82.0,0,6,2.29,1,0,7.35,1,0,0.105,1,0
0.20931464596304888,1,0,-0.9778483415056567,1,0,77345.0,1,0,87.0,0,7,4.4,1,0,2.7,1,0,3.25,1,0,18.65,1,0,7.47,1,0,2.78,1,0,25.02,1,0,0.02,1,0,0.09,1,0,0.05,1,0,42.0,1,0,2968.0,1,0,63766.0,1,0,82.0,0,7,2.34,1,0,7.34,1,0,0.107,1,0
0.22611568550828803,1,0,-0.9741004551724206,1,0,77342.0,1,0,84.0,1,0,3.3,1,0,1.9,1,0,2.64,1,0,18.75,1,0,7.47,1,0,2.68,1,0,23.1,1,0,0.02,1,0,0.18,1,0,0.05,1,0,36.16,1,0,3308.0,1,0,63880.0,1,0,80.0,1,0,2.15,1,0,7.34,1,0,0.097,1,0
0.2428497220959358,1,0,-0.970063921851507,1,0,74434.0,1,0,84.0,0,1,3.0,1,0,2.3,1,0,2.5,1,0,18.8,1,0,7.46,1,0,2.64,1,0,25.21,1,0,0.03,1,0,0.07,1,0,0.04,1,0,26.25,1,0,2137.0,1,0,56750.0,1,0,80.0,0,1,2.33,1,0,7.31,1,0,0.094,1,0
0.25951179706979943,1,0,-0.965739937654855,1,0,74655.0,1,0,84.0,0,2,3.3,1,0,2.1,1,0,2.4,1,0,18.35,1,0,7.46,1,0,3.05,1,0,23.73,1,0,0.03,1,0,0.07,1,0,0.04,1,0,32.4,1,0,2792.0,1,0,61309.0,1,0,80.0,0,2,2.18,1,0,7.34,1,0,0.097,1,0
0.27609697309746883,1,0,-0.9611297838723007,1,0,70836.0,1,0,84.0,0,3,6.4,1,0,2.2,1,0,4.1,1,0,18.05,1,0,7.44,1,0,288.5,1,0,23.97,1,0,0.03,1,0,0.59,1,0,0.04,1,0,38.33,1,0,3746.0,1,0,58773.0,1,0,80.0,0,3,2.24,1,0,7.32,1,0,0.096,1,0
0.2926003356333479,1,0,-0.9562348265919058,1,0,67018.0,1,0,84.0,0,4,16.1,1,0,9.5,1,0,12.5,1,0,17.6,1,0,7.47,1,0,2.7,1,0,24.02,1,0,0.03,1,0,0.14,1,0,0.05,1,0,30.33,1,0,1781.0,1,0,55521.0,1,0,80.0,0,4,2.22,1,0,7.31,1,0,0.084,1,0
0.30901699437494723,1,0,-0.9510565162951536,1,0,52420.0,1,0,84.0,0,5,47.5,1,0,7.5,1,0,28.0,1,0,17.85,1,0,7.4,1,0,3.0,1,0,23.4,1,0,0.04,1,0,0.21,1,0,0.06,1,0,36.0,1,0,1713.0,1,0,41586.0,1,0,80.0,0,5,2.18,1,0,7.32,1,0,0.084,1,0
0.3253420847119795,1,0,-0.9455963874271428,1,0,71577.0,1,0,84.0,1,0,29.3,1,0,15.9,1,0,20.39,1,0,17.3,1,0,7.33,1,0,2.42,1,0,26.17,1,0,0.02,1,0,0.22,1,0,0.05,1,0,30.8,1,0,3141.0,1,0,54367.0,1,0,83.0,1,0,2.44,1,0,7.21,1,0,0.059,1,0
0.341570769167856,1,0,-0.9398560579418953,1,0,62068.0,1,0,84.0,0,1,44.4,1,0,22.0,1,0,34.0,1,0,16.75,1,0,7.38,1,0,3.04,1,0,29.4,1,0,0.03,1,0,0.06,1,0,0.04,1,0,30.0,1,0,2319.0,1,0,49770.0,1,0,83.0,0,1,2.31,1,0,7.3,1,0,0.068,1,0
0.35769823883312546,1,0,-0.9338372288229252,1,0,56820.0,1,0,84.0,0,2,105.0,1,0,42.3,1,0,54.3,1,0,16.83,1,0,7.44,1,0,2.63,1,0,30.42,1,0,0.04,1,0,0.06,1,0,0.04,1,0,39.5,1,0,2480.0,1,0,49607.0,1,0,83.0,0,2,2.52,1,0,7.38,1,0,0.084,1,0
0.3737197147904692,1,0,-0.9275416835791965,1,0,57527.0,1,0,84.0,0,3,68.6,1,0,28.9,1,0,45.4,1,0,16.15,1,0,7.41,1,0,3.52,1,0,25.58,1,0,0.02,1,0,0.11,1,0,0.04,1,0,34.3,1,0,1822.0,1,0,54431.0,1,0,83.0,0,3,2.14,1,0,7.37,1,0,0.061,1,0
0.38963044953078774,1,0,-0.9209712877166347,1,0,53225.0,1,0,84.0,0,4,27.6,1,0,11.8,1,0,18.0,1,0,14.75,1,0,7.4,1,0,3.53,1,0,28.99,1,0,0.04,1,0,0.18,1,0,0.03,1,0,40.75,1,0,2325.0,1,0,48116.0,1,0,83.0,0,4,2.25,1,0,7.34,1,0,0.059,1,0
0.4054257283599973,1,0,-0.9141279881853337,1,0,55401.0,1,0,84.0,0,5,12.4,1,0,9.3,1,0,10.2,1,0,14.3,1,0,7.41,1,0,3.25,1,0,30.32,1,0,0.06,1,0,0.06,1,0,0.03,1,0,39.25,1,0,2358.0,1,0,50967.0,1,0,83.0,0,5,2.26,1,0,7.34,1,0,0.047,1,0
0.42110087079608916,1,0,-0.9070138128026362,1,0,52628.0,1,0,84.0,0,6,8.6,1,0,5.9,1,0,6.69,1,0,14.05,1,0,7.34,1,0,3.0,1,0,30.56,1,0,0.05,1,0,0.06,1,0,0.03,1,0,38.5,1,0,2468.0,1,0,49593.0,1,0,83.0,0,6,2.19,1,0,7.26,1,0,0.035,1,0
0.4366512319560638,1,0,-0.8996308696522434,1,0,58076.0,1,0,86.0,1,0,9.9,1,0,5.2,1,0,7.1,1,0,13.6,1,0,7.36,1,0,3.23,1,0,29.91,1,0,0.05,1,0,0.07,1,0,0.03,1,0,30.0,1,0,1246.0,1,0,57097.0,1,0,80.0,1,0,2.16,1,0,7.28,1,0,0.05,1,0
0.45207220393230374,1,0,-0.8919813464595487,1,0,58793.0,1,0,86.0,0,1,24.1,1,0,11.3,1,0,16.5,1,0,13.15,1,0,7.33,1,0,3.32,1,0,31.32,1,0,0.06,1,0,0.12,1,0,0.03,1,0,45.0,1,0,2353.0,1,0,59240.0,1,0,80.0,0,1,2.13,1,0,7.23,1,0,0.044,1,0
0.46735921715800205,1,0,-0.8840675099433637,1,0,54388.0,1,0,86.0,0,2,19.8,1,0,7.1,1,0,13.0,1,0,12.9,1,0,7.32,1,0,3.0,1,0,27.92,1,0,0.05,1,0,0.06,1,0,0.03,1,0,46.25,1,0,2000.0,1,0,50979.0,1,0,80.0,0,2,2.22,1,0,7.26,1,0,0.043,1,0
0.48250774176121763,1,0,-0.8758917051442433,1,0,48822.0,1,0,86.0,0,3,16.6,1,0,8.1,1,0,12.57,1,0,12.3,1,0,7.26,1,0,3.1,1,0,27.5,1,0,0.06,1,0,0.07,1,0,0.03,1,0,46.4,1,0,2755.0,1,0,45768.0,1,0,80.0,0,3,2.21,1,0,7.22,1,0,0.04,1,0
0.4975132889071803,1,0,-0.8674563547295971,1,0,49522.0,1,0,86.0,0,4,23.2,1,0,5.8,1,0,13.8,1,0,11.8,1,0,7.29,1,0,3.18,1,0,30.37,1,0,0.03,1,0,0.11,1,0,0.03,1,0,33.0,1,0,1837.0,1,0,47397.0,1,0,80.0,0,4,2.16,1,0,7.23,1,0,0.034,1,0
0.5123714121284235,1,0,-0.858763958275803,1,0,51892.0,1,0,86.0,0,5,13.8,1,0,6.4,1,0,10.5,1,0,11.6,1,0,7.34,1,0,3.04,1,0,28.71,1,0,0.06,1,0,0.04,1,0,0.03,1,0,42.0,1,0,1863.0,1,0,48064.0,1,0,80.0,0,5,2.24,1,0,7.25,1,0,0.034,1,0
0.5270777086423724,1,0,-0.8498170915275277,1,0,41939.0,1,0,86.0,0,6,8.0,1,0,3.4,1,0,4.9,1,0,11.5,1,0,7.31,1,0,3.9,1,0,29.28,1,0,0.06,1,0,0.07,1,0,0.03,1,0,57.0,1,0,1211.0,1,0,45359.0,1,0,80.0,0,6,1.97,1,0,7.24,1,0,0.034,1,0
0.5416278206559811,1,0,-0.8406184056344783,1,0,52022.0,1,0,92.0,1,0,53.1,1,0,7.4,1,0,32.2,1,0,11.2,1,0,7.25,1,0,2.45,1,0,28.64,1,0,0.06,1,0,0.18,1,0,0.03,1,0,51.4,1,0,1845.0,1,0,47453.0,1,0,86.0,1,0,2.33,1,0,7.22,1,0,0.069,1,0
0.5560174366570446,1,0,-0.8311706263658079,1,0,56451.0,1,0,92.0,0,1,32.1,1,0,13.6,1,0,21.5,1,0,10.8,1,0,7.42,1,0,1.93,1,0,27.33,1,0,0.06,1,0,0.1,1,0,0.03,1,0,35.5,1,0,2455.0,1,0,49762.0,1,0,86.0,0,1,2.17,1,0,7.33,1,0,0.062,1,0
0.5702422926917867,1,0,-0.8214765533024145,1,0,48380.0,1,0,92.0,0,2,48.8,1,0,11.6,1,0,29.2,1,0,10.75,1,0,7.26,1,0,2.0,1,0,29.61,1,0,0.06,1,0,0.44,1,0,0.03,1,0,44.0,1,0,1211.0,1,0,44139.0,1,0,86.0,0,2,2.03,1,0,7.25,1,0,0.05,1,0
0.5842981736283683,1,0,-0.8115390590073611,1,0,54057.0,1,0,92.0,0,3,18.5,1,0,9.7,1,0,13.5,1,0,10.4,1,0,7.35,1,0,1.79,1,0,27.17,1,0,0.11,1,0,0.1,1,0,0.03,1,0,44.0,1,0,2464.0,1,0,46030.0,1,0,86.0,0,3,2.2,1,0,7.28,1,0,0.051,1,0
0.5981809144059158,1,0,-0.801361088174677,1,0,52073.0,1,0,92.0,0,4,64.4,1,0,19.8,1,0,39.6,1,0,10.15,1,0,7.3,1,0,2.01,1,0,28.14,1,0,0.12,1,0,0.05,1,0,0.03,1,0,39.5,1,0,2441.0,1,0,44930.0,1,0,86.0,0,4,2.14,1,0,7.24,1,0,0.039,1,0
0.6118864012687242,1,0,-0.7909456567567774,1,0,47418.0,1,0,92.0,0,5,19.1,1,0,10.4,1,0,13.4,1,0,9.8,1,0,7.27,1,0,2.05,1,0,27.14,1,0,0.12,1,0,0.05,1,0,0.03,1,0,42.6,1,0,1851.0,1,0,37911.0,1,0,86.0,0,5,2.22,1,0,7.23,1,0,0.033,1,0
0.6254105729852457,1,0,-0.780295851070776,1,0,45061.0,1,0,92.0,0,6,10.5,1,0,5.65,1,0,8.21,1,0,9.7,1,0,7.31,1,0,2.16,1,0,28.92,1,0,0.12,1,0,0.15,1,0,0.03,1,0,44.0,1,0,1840.0,1,0,34715.0,1,0,86.0,0,6,2.32,1,0,7.29,1,0,0.03,1,0
0.6387494220515268,1,0,-0.7694148268839381,1,0,51433.0,1,0,101.0,1,0,5.8,1,0,4.1,1,0,4.92,1,0,9.2,1,0,7.39,1,0,2.18,1,0,24.48,1,0,0.12,1,0,0.07,1,0,0.03,1,0,0.0,1,0,559.0,1,0,46083.0,1,0,85.0,1,0,2.12,1,0,7.27,1,0,0.029,1,0
0.6518989958787125,1,0,-0.7583058084785625,1,0,50805.0,1,0,101.0,0,1,74.2,1,0,6.2,1,0,38.6,1,0,8.35,1,0,7.31,1,0,1.91,1,0,27.07,1,0,0.12,1,0,0.05,1,0,0.03,1,0,50.33,1,0,1786.0,1,0,44018.0,1,0,85.0,0,1,2.03,1,0,7.24,1,0,0.026,1,0
0.6648553979642866,1,0,-0.7469720876965551,1,0,53278.0,1,0,101.0,0,2,86.8,1,0,44.3,1,0,64.1,1,0,7.6,1,0,7.24,1,0,1.96,1,0,27.78,1,0,0.12,1,0,0.07,1,0,0.03,1,0,48.4,1,0,1810.0,1,0,41073.0,1,0,85.0,0,2,2.18,1,0,7.23,1,0,0.023,1,0
0.6776147890466887,1,0,-0.7354170229639858,1,0,52900.0,1,0,101.0,0,3,39.2,1,0,23.3,1,0,32.0,1,0,7.75,1,0,7.33,1,0,1.98,1,0,27.67,1,0,0.13,1,0,0.06,1,0,0.03,1,0,44.9,1,0,1814.0,1,0,46673.0,1,0,85.0,0,3,2.13,1,0,7.26,1,0,0.029,1,0
0.690173388242972,1,0,-0.7236440382959124,1,0,52407.0,1,0,101.0,0,4,20.5,1,0,14.8,1,0,16.8,1,0,7.7,1,0,7.35,1,0,1.86,1,0,29.93,1,0,0.12,1,0,0.05,1,0,0.03,1,0,30.0,1,0,1161.0,1,0,42358.0,1,0,85.0,0,4,2.09,1,0,7.26,1,0,0.023,1,0
0.7025274741691566,1,0,-0.711656622281775,1,0,55941.0,1,0,101.0,0,5,19.9,1,0,12.9,1,0,16.2,1,0,7.45,1,0,7.33,1,0,2.14,1,0,28.01,1,0,0.11,1,0,0.05,1,0,0.03,1,0,46.0,1,0,2116.0,1,0,39857.0,1,0,85.0,0,5,2.18,1,0,7.24,1,0,0.023,1,0
0.7146733860429608,1,0,-0.6994583270516471,1,0,47633.0,1,0,101.0,0,6,17.8,1,0,11.8,1,0,13.7,1,0,7.7,1,0,7.3,1,0,2.36,1,0,30.42,1,0,0.12,1,0,0.1,1,0,0.03,1,0,34.0,1,0,853.0,1,0,39134.0,1,0,85.0,0,6,2.2,1,0,7.23,1,0,0.022,1,0
0.7266075247685652,1,0,-0.6870527672236675,1,0,47459.0,1,0,87.0,1,0,16.2,1,0,11.3,1,0,13.86,1,0,7.5,1,0,7.29,1,0,2.06,1,0,33.02,1,0,0.1,1,0,0.24,1,0,0.03,1,0,43.3,1,0,1820.0,1,0,41647.0,1,0,83.0,1,0,2.23,1,0,7.23,1,0,0.021,1,0
0.7383263540031063,1,0,-0.6744436188329457,1,0,41850.0,1,0,87.0,0,1,19.0,1,0,4.8,1,0,7.39,1,0,7.3,1,0,7.34,1,0,2.05,1,0,28.95,1,0,0.11,1,0,0.27,1,0,0.03,1,0,44.0,1,0,1161.0,1,0,39158.0,1,0,83.0,0,1,1.89,1,0,7.31,1,0,0.029,1,0
0.749826401204568,1,0,-0.661634618242279,1,0,44000.0,1,0,87.0,0,2,12.0,1,0,4.4,1,0,5.5,1,0,7.25,1,0,7.31,1,0,1.95,1,0,34.08,1,0,0.11,1,0,0.47,1,0,0.31,1,0,45.3,1,0,2305.0,1,0,40091.0,1,0,83.0,0,2,2.24,1,0,7.26,1,0,0.039,1,0
0.7611042586607742,1,0,-0.6486295610349818,1,0,49005.0,1,0,87.0,0,3,5.6,1,0,3.3,1,0,4.5,1,0,7.4,1,0,7.34,1,0,2.15,1,0,31.37,1,0,0.11,1,0,0.48,1,0,0.03,1,0,42.0,1,0,1770.0,1,0,42425.0,1,0,83.0,0,3,2.07,1,0,7.28,1,0,0.025,1,0
0.7721565844991641,1,0,-0.6354323008901775,1,0,41969.0,1,0,87.0,0,4,5.8,1,0,3.6,1,0,4.44,1,0,7.4,1,0,7.35,1,0,2.2,1,0,29.57,1,0,0.1,1,0,0.05,1,0,0.03,1,0,44.0,1,0,1713.0,1,0,38297.0,1,0,83.0,0,4,2.06,1,0,7.28,1,0,0.024,1,0
0.7829801036770624,1,0,-0.622046748440868,1,0,48904.0,1,0,87.0,0,5,5.1,1,0,2.8,1,0,3.84,1,0,7.4,1,0,7.29,1,0,2.29,1,0,30.5,1,0,0.12,1,0,0.05,1,0,0.03,1,0,41.5,1,0,1098.0,1,0,45211.0,1,0,83.0,0,5,2.22,1,0,7.24,1,0,0.027,1,0
0.7935716089521472,1,0,-0.6084768701151264,1,0,45719.0,1,0,87.0,0,6,22.6,1,0,5.8,1,0,14.59,1,0,7.2,1,0,7.34,1,0,2.02,1,0,32.02,1,0,0.12,1,0,0.06,1,0,0.03,1,0,41.5,1,0,1982.0,1,0,42833.0,1,0,83.0,0,6,2.1,1,0,7.26,1,0,0.025,1,0
0.8039279618328208,1,0,-0.594726686960764,1,0,46267.0,1,0,86.0,1,0,7.0,1,0,3.9,1,0,5.1,1,0,7.2,1,0,7.26,1,0,2.14,1,0,31.6,1,0,0.13,1,0,0.05,1,0,0.03,1,0,52.0,1,0,971.0,1,0,44926.0,1,0,83.0,1,0,2.1,1,0,7.22,1,0,0.03,1,0
0.8140460935082175,1,0,-0.5808002734538013,1,0,46704.0,1,0,86.0,0,1,4.2,1,0,2.2,1,0,3.1,1,0,7.2,1,0,7.27,1,0,2.68,1,0,31.97,1,0,0.12,1,0,0.05,1,0,0.03,1,0,48.0,1,0,2244.0,1,0,43259.0,1,0,83.0,0,1,2.07,1,0,7.23,1,0,0.033,1,0
0.8239230057575536,1,0,-0.5667017562911184,1,0,46189.0,1,0,86.0,0,2,83.9,1,0,1.9,1,0,34.7,1,0,7.2,1,0,7.36,1,0,2.28,1,0,30.2,1,0,0.09,1,0,0.05,1,0,0.03,1,0,50.5,1,0,1120.0,1,0,41312.0,1,0,83.0,0,2,2.15,1,0,7.24,1,0,0.028,1,0
0.8335557718385695,1,0,-0.5524353131676203,1,0,57140.0,1,0,86.0,0,3,125.0,1,0,79.7,1,0,97.15,1,0,7.26,1,0,7.26,1,0,2.08,1,0,34.13,1,0,0.1,1,0,0.05,1,0,0.03,1,0,47.7,1,0,1853.0,1,0,49338.0,1,0,83.0,0,3,2.06,1,0,7.18,1,0,0.033,1,0
0.8429415373547832,1,0,-0.5380051715382992,1,0,52689.0,1,0,86.0,0,4,104.0,1,0,58.5,1,0,83.3,1,0,10.7,1,0,7.14,1,0,2.63,1,0,40.17,1,0,0.11,1,0,0.12,1,0,0.03,1,0,43.0,1,0,1862.0,1,0,47748.0,1,0,83.0,0,4,1.99,1,0,7.18,1,0,0.026,1,0
0.8520775211013093,1,0,-0.5234156073655503,1,0,53595.0,1,0,86.0,0,5,71.9,1,0,39.3,1,0,53.7,1,0,4.85,1,0,7.4,1,0,2.46,1,0,49.62,1,0,0.11,1,0,0.2,1,0,0.03,1,0,49.0,1,0,2529.0,1,0,46096.0,1,0,83.0,0,5,2.12,1,0,7.32,1,0,0.02,1,0
0.8609610158889945,1,0,-0.5086709438521042,1,0,46337.0,1,0,86.0,0,6,135.0,1,0,63.9,1,0,103.7,1,0,4.5,1,0,7.26,1,0,2.13,1,0,43.52,1,0,0.1,1,0,0.11,1,0,0.03,1,0,45.0,1,0,1162.0,1,0,41401.0,1,0,83.0,0,6,1.97,1,0,7.2,1,0,0.018,1,0
0.8695893893466109,1,0,-0.49377555015997737,1,0,54226.0,1,0,88.0,1,0,110.0,1,0,40.0,1,0,61.1,1,0,4.6,1,0,7.28,1,0,2.19,1,0,42.99,1,0,0.1,1,0,0.25,1,0,0.04,1,0,44.0,1,0,2121.0,1,0,47552.0,1,0,83.0,1,0,2.17,1,0,7.2,1,0,0.018,1,0
0.8779600847008883,1,0,-0.4787338401157883,1,0,58925.0,1,0,88.0,0,1,51.4,1,0,35.5,1,0,43.8,1,0,4.1,1,0,7.27,1,0,2.01,1,0,41.5,1,0,0.08,1,0,0.07,1,0,0.03,1,0,39.0,1,0,2155.0,1,0,50858.0,1,0,83.0,0,1,2.1,1,0,7.19,1,0,0.02,1,0
0.8860706215341378,1,0,-0.4635502709028512,1,0,52673.0,1,0,88.0,0,2,116.0,1,0,43.8,1,0,84.0,1,0,3.7,1,0,7.37,1,0,2.25,1,0,48.06,1,0,0.11,1,0,0.11,1,0,0.03,1,0,35.0,1,0,2458.0,1,0,51167.0,1,0,83.0,0,2,1.99,1,0,7.3,1,0,0.018,1,0
0.893918596519257,1,0,-0.4482293417404106,1,0,59341.0,1,0,88.0,0,3,65.4,1,0,23.9,1,0,41.4,1,0,3.4,1,0,7.36,1,0,2.23,1,0,41.93,1,0,0.11,1,0,0.14,1,0,0.04,1,0,43.0,1,0,1821.0,1,0,49687.0,1,0,83.0,0,3,1.13,1,0,7.34,1,0,0.021,1,0
0.9015016841318838,1,0,-0.4327755925504317,1,0,66895.0,1,0,88.0,0,4,77.2,1,0,28.4,1,0,54.7,1,0,2.7,1,0,7.4,1,0,1.36,1,0,37.41,1,0,0.09,1,0,0.8,1,0,0.03,1,0,41.0,1,0,3094.0,1,0,49609.0,1,0,83.0,0,4,1.37,1,0,7.33,1,0,0.019,1,0
0.9088176373395028,1,0,-0.41719360261231697,1,0,54771.0,1,0,88.0,0,5,72.9,1,0,32.2,1,0,57.7,1,0,2.45,1,0,7.4,1,0,1.16,1,0,40.73,1,0,0.11,1,0,0.25,1,0,0.03,1,0,29.0,1,0,1820.0,1,0,42414.0,1,0,83.0,0,5,1.65,1,0,7.32,1,0,0.017,1,0
0.9158642882672868,1,0,-0.4014879892059737,1,0,54711.0,1,0,88.0,0,6,31.1,1,0,22.2,1,0,26.4,1,0,2.4,1,0,7.38,1,0,1.16,1,0,39.47,1,0,0.11,1,0,0.1,1,0,0.03,1,0,44.0,1,0,2485.0,1,0,40666.0,1,0,83.0,0,6,1.55,1,0,7.32,1,0,0.016,1,0
0.9226395488404875,1,0,-0.38566340624360745,1,0,55299.0,1,0,94.0,1,0,51.5,1,0,19.0,1,0,28.9,1,0,3.85,1,0,7.37,1,0,1.02,1,0,36.98,1,0,0.1,1,0,0.12,1,0,0.03,1,0,43.0,1,0,2592.0,1,0,46017.0,1,0,79.0,1,0,1.8,1,0,7.31,1,0,0.012,1,0
0.9291414114031743,1,0,-0.3697245428906732,1,0,51610.0,1,0,94.0,0,1,166.0,1,0,32.8,1,0,65.05,1,0,4.7,1,0,7.36,1,0,1.07,1,0,39.94,1,0,0.11,1,0,0.47,1,0,0.04,1,0,44.33,1,0,1628.0,1,0,43901.0,1,0,79.0,0,1,1.82,1,0,7.27,1,0,0.017,1,0
0.935367949313148,1,0,-0.3536761221763721,1,0,46861.0,1,0,94.0,0,2,57.1,1,0,31.3,1,0,41.7,1,0,3.9,1,0,7.28,1,0,1.12,1,0,39.63,1,0,0.1,1,0,0.08,1,0,0.03,1,0,46.0,1,0,1249.0,1,0,40724.0,1,0,79.0,0,2,1.89,1,0,7.26,1,0,0.012,1,0
0.941317317512847,1,0,-0.33752289959411347,1,0,49979.0,1,0,94.0,0,3,36.4,1,0,19.4,1,0,27.9,1,0,4.85,1,0,7.33,1,0,1.05,1,0,39.51,1,0,0.11,1,0,0.47,1,0,0.04,1,0,29.0,1,0,1754.0,1,0,43386.0,1,0,79.0,0,3,1.8,1,0,7.29,1,0,0.018,1,0
0.9469877530760751,1,0,-0.32126966169236515,1,0,53157.0,1,0,94.0,0,4,32.5,1,0,13.1,1,0,21.8,1,0,4.45,1,0,7.32,1,0,1.12,1,0,40.48,1,0,0.11,1,0,0.51,1,0,0.03,1,0,41.2,1,0,3086.0,1,0,44928.0,1,0,79.0,0,4,1.89,1,0,7.3,1,0,0.018,1,0
0.9523775757303973,1,0,-0.3049212246562894,1,0,53016.0,1,0,94.0,0,5,51.1,1,0,30.1,1,0,41.3,1,0,4.3,1,0,7.31,1,0,1.12,1,0,38.92,1,0,0.1,1,0,0.16,1,0,0.04,1,0,51.66,1,0,1836.0,1,0,43121.0,1,0,79.0,0,5,2.06,1,0,7.29,1,0,0.013,1,0
0.9574851883550389,1,0,-0.2884824328806098,1,0,49354.0,1,0,94.0,0,6,25.1,1,0,17.9,1,0,21.3,1,0,3.85,1,0,7.3,1,0,1.34,1,0,38.52,1,0,0.11,1,0,0.21,1,0,0.04,1,0,38.0,1,0,3037.0,1,0,38357.0,1,0,79.0,0,6,1.88,1,0,7.27,1,0,0.011,1,0
0.9623090774541487,1,0,-0.27195815753410524,1,0,51173.0,1,0,88.0,1,0,21.3,1,0,9.9,1,0,14.59,1,0,4.05,1,0,7.25,1,0,1.67,1,0,38.59,1,0,0.11,1,0,1.61,1,0,0.04,1,0,33.6,1,0,920.0,1,0,42243.0,1,0,82.0,1,0,1.86,1,0,7.27,1,0,0.012,1,0
0.9668478136052773,1,0,-0.2553532951161881,1,0,57116.0,1,0,88.0,0,1,17.5,1,0,7.6,1,0,12.5,1,0,4.5,1,0,7.43,1,0,1.5,1,0,38.96,1,0,0.11,1,0,0.51,1,0,0.04,1,0,30.5,1,0,5365.0,1,0,45016.0,1,0,82.0,0,1,1.8,1,0,7.36,1,0,0.012,1,0
0.9711000518829505,1,0,-0.23867276600594997,1,0,55574.0,1,0,88.0,0,2,10.1,1,0,6.4,1,0,8.8,1,0,5.2,1,0,7.41,1,0,0.95,1,0,37.66,1,0,0.11,1,0,0.21,1,0,0.04,1,0,23.0,1,0,3648.0,1,0,42882.0,1,0,82.0,0,2,2.06,1,0,7.35,1,0,0.012,1,0
0.9750645322571945,1,0,-0.22192151300416674,1,0,49463.0,1,0,88.0,0,3,8.1,1,0,6.7,1,0,7.5,1,0,5.1,1,0,7.4,1,0,0.93,1,0,29.2,1,0,0.11,1,0,0.18,1,0,0.04,1,0,39.3,1,0,2001.0,1,0,40688.0,1,0,82.0,0,3,1.99,1,0,7.34,1,0,0.015,1,0
0.9787400799669153,1,0,-0.20510449986861926,1,0,46476.0,1,0,88.0,0,4,8.3,1,0,5.3,1,0,6.54,1,0,4.95,1,0,7.32,1,0,2.59,1,0,30.76,1,0,0.11,1,0,0.18,1,0,0.04,1,0,40.0,1,0,2395.0,1,0,38683.0,1,0,82.0,0,4,1.98,1,0,7.34,1,0,0.016,1,0
0.9821256058680006,1,0,-0.1882267098432439,1,0,49050.0,1,0,88.0,0,5,7.7,1,0,6.4,1,0,7.15,1,0,4.3,1,0,7.38,1,0,1.65,1,0,31.55,1,0,0.07,1,0,0.18,1,0,0.04,1,0,32.6,1,0,2348.0,1,0,38365.0,1,0,82.0,0,5,2.46,1,0,7.34,1,0,0.018,1,0
0.9852201067560606,1,0,-0.1712931441814778,1,0,46948.0,1,0,88.0,0,6,7.9,1,0,4.9,1,0,5.99,1,0,4.55,1,0,7.38,1,0,1.53,1,0,30.76,1,0,0.11,1,0,0.13,1,0,0.04,1,0,36.0,1,0,1220.0,1,0,38884.0,1,0,82.0,0,6,2.35,1,0,7.33,1,0,0.018,1,0
0.9880226656636976,1,0,-0.154308820664281,1,0,42442.0,1,0,88.0,0,7,7.7,1,0,5.0,1,0,6.1,1,0,4.75,1,0,7.33,1,0,1.27,1,0,34.72,1,0,0.11,1,0,0.16,1,0,0.04,1,0,46.0,1,0,1837.0,1,0,37067.0,1,0,82.0,0,7,2.46,1,0,7.3,1,0,0.014,1,0
0.9905324521322227,1,0,-0.13727877211326517,1,0,44610.0,1,0,88.0,0,8,5.1,1,0,4.5,1,0,4.8,1,0,5.6,1,0,7.34,1,0,1.21,1,0,31.93,1,0,0.11,1,0,0.18,1,0,0.04,1,0,46.0,1,0,3665.0,1,0,38692.0,1,0,82.0,0,8,2.18,1,0,7.33,1,0,0.016,1,0
0.9927487224577402,1,0,-0.12020804489935275,1,0,39893.0,1,0,88.0,0,9,5.0,1,0,3.7,1,0,4.18,1,0,6.15,1,0,7.36,1,0,1.8,1,0,31.19,1,0,0.11,1,0,0.13,1,0,0.04,1,0,41.75,1,0,1249.0,1,0,34308.0,1,0,82.0,0,9,2.14,1,0,7.31,1,0,0.017,1,0
0.9946708199115211,1,0,-0.10310169744743544,1,0,37717.0,1,0,88.0,0,10,5.8,1,0,3.4,1,0,4.05,1,0,6.5,1,0,7.29,1,0,1.67,1,0,32.99,1,0,0.11,1,0,0.18,1,0,0.04,1,0,34.6,1,0,1830.0,1,0,31936.0,1,0,82.0,0,10,2.44,1,0,7.25,1,0,0.016,1,0
0.9962981749346077,1,0,-0.0859647987374467,1,0,39900.0,1,0,88.0,0,11,13.3,1,0,4.2,1,0,7.4,1,0,7.8,1,0,7.21,1,0,1.35,1,0,34.05,1,0,0.06,1,0,0.17,1,0,0.04,1,0,31.0,1,0,2996.0,1,0,32387.0,1,0,82.0,0,11,2.42,1,0,7.16,1,0,0.011,1,0
0.9976303053065857,1,0,-0.06880242680232064,1,0,47902.0,1,0,88.0,0,12,6.9,1,0,3.4,1,0,5.5,1,0,7.8,1,0,7.26,1,0,1.13,1,0,31.94,1,0,0.05,1,0,0.15,1,0,0.04,1,0,36.0,1,0,1217.0,1,0,37742.0,1,0,82.0,0,12,2.11,1,0,7.17,1,0,0.014,1,0
0.9986668162884759,1,0,-0.05161966722325418,1,0,38709.0,1,0,88.0,0,13,8.5,1,0,3.1,1,0,4.2,1,0,8.1,1,0,7.27,1,0,1.62,1,0,33.62,1,0,0.06,1,0,0.14,1,0,0.05,1,0,44.0,1,0,1836.0,1,0,31174.0,1,0,82.0,0,13,2.24,1,0,7.15,1,0,0.014,1,0
0.9994074007397048,1,0,-0.034421611622745804,1,0,45898.0,1,0,88.0,0,14,21.4,1,0,4.7,1,0,11.3,1,0,7.7,1,0,7.24,1,0,0.98,1,0,30.53,1,0,0.06,1,0,0.16,1,0,0.05,1,0,43.5,1,0,1225.0,1,0,35652.0,1,0,82.0,0,14,2.31,1,0,7.15,1,0,0.013,1,0
0.9998518392091162,1,0,-0.01721335615583528,1,0,43118.0,1,0,88.0,0,15,7.1,1,0,3.7,1,0,4.75,1,0,7.25,1,0,7.21,1,0,1.46,1,0,31.51,1,0,0.06,1,0,0.15,1,0,0.05,1,0,42.6,1,0,1817.0,1,0,34548.0,1,0,82.0,0,15,2.26,1,0,7.16,1,0,0.015,1,0
1.0,1,0,6.432490598706546e-16,1,0,45531.0,1,0,88.0,0,16,5.5,1,0,3.7,1,0,4.8,1,0,6.9,1,0,7.18,1,0,1.38,1,0,27.95,1,0,0.07,1,0,0.29,1,0,0.07,1,0,50.0,1,0,1225.0,1,0,36341.0,1,0,82.0,0,16,2.3,1,0,7.14,1,0,0.013,1,0
